"","0","1","2","3","Number of Proteins","Proteome Length","ID","Pathogen","Organism","Organism.Id","Protein.count","CPD","Components","Taxon.mnemonic","Taxonomic.lineage","Genome.assembly.ID","Genome.representation","Chronic.or.Acute","Genome","Family_Viral_Zone","superkingdom","kingdom","phylum","class","order","family","genus","species","0_corrected","1_corrected","2_corrected","3_corrected"
"1",0,0,2,75,"   6","2805","UP000180764","Adenoassociated virus 2","Adeno-associated virus 2 (isolate Srivastava/1982) (AAV-2)",648242,"6","Outlier (high value)","Genome","AAV2S","Viruses, Monodnaviria, Shotokuvirae, Cossaviricota, Quintoviricetes, Piccovirales, Parvoviridae, Parvovirinae, Dependoparvovirus, Adeno-associated dependoparvovirus A, Adeno-associated virus 2","GCA_000838645.1","full","Acute","ssDNA","Parvoviridae","Viruses","Shotokuvirae","Cossaviricota","Quintoviricetes","Piccovirales","Parvoviridae","Dependoparvovirus","Dependoparvovirus primate1",0,0,0.0717360114777618,2.69010043041607
"2",0,2,12,105,"   1","2432","UP000119554","Aichi virus","Aichi virus (strain Human/A846/88/1989) (AiV) (Aichi virus (strain A846/88))",650132,"1","Standard","Genome","AIVA8","Viruses, Riboviria, Orthornavirae, Pisuviricota, Pisoniviricetes, Picornavirales, Picornaviridae, Kobuvirus, Aichi virus, Aichi virus 1","GCA_000861885.1","full","Acute","ssRNA+","Picornaviridae","Viruses","Orthornavirae","Pisuviricota","Pisoniviricetes","Picornavirales","Picornaviridae","Kobuvirus","Aichivirus A",0,0.0826446280991736,0.495867768595041,4.33884297520661
"3",0,0,0,54,"   5","3612","UP000006934","Australian bat lyssavirus","Australian bat lyssavirus (isolate Bat/AUS/1996) (ABLV)",446561,"5","Standard","Genome","ABLVB","Viruses, Riboviria, Orthornavirae, Negarnaviricota, Haploviricotina, Monjiviricetes, Mononegavirales, Rhabdoviridae, Alpharhabdovirinae, Lyssavirus, Australian bat lyssavirus","GCA_000850325.1","full","Acute","ssRNA-","Rhabdoviridae","Viruses","Orthornavirae","Negarnaviricota","Monjiviricetes","Mononegavirales","Rhabdoviridae","Lyssavirus","Lyssavirus australis",0,0,0,1.50166852057842
"4",0,0,4,130,"  12","5924","UP000000832","Banna virus","Banna virus (strain Indonesia/JKT-6423/1980) (BAV)",649604,"12","Unknown","Genome","BAVJK","Viruses, Riboviria, Orthornavirae, Duplornaviricota, Resentoviricetes, Reovirales, Reoviridae, Sedoreovirinae, Seadornavirus, Banna virus","GCA_000858185.1","full","Acute","dsRNA","Sedoreoviridae","Viruses","Orthornavirae","Duplornaviricota","Resentoviricetes","Reovirales","Sedoreoviridae","Seadornavirus","Banna virus",0,0,0.0677851211659041,2.20301643789188
"5",0,0,5,86,"   2","3650","UP000007609","Barmah forest virus","Barmah forest virus (BFV)",11020,"2","Standard","Genome","BFV","Viruses, Riboviria, Orthornavirae, Kitrinoviricota, Alsuviricetes, Martellivirales, Togaviridae, Alphavirus","GCA_000847585.1","full","Arthritis; 6 months","ssRNA+","Togaviridae","Viruses","Orthornavirae","Kitrinoviricota","Alsuviricetes","Martellivirales","Togaviridae","Alphavirus","Barmah Forest virus",0,0,0.137475941710201,2.36458619741545
"6",0,0,4,27,"   5","1183","UP000145981","BK polyomavirus","BK polyomavirus (BKPyV) (Human polyomavirus 1)",1891762,"5","Outlier (low value)","Genome","POVBK","Viruses, Monodnaviria, Shotokuvirae, Cossaviricota, Papovaviricetes, Sepolyvirales, Polyomaviridae, Betapolyomavirus",NA,NA,"Chronic","dsDNA","Polyomaviridae","Viruses","Shotokuvirae","Cossaviricota","Papovaviricetes","Sepolyvirales","Polyomaviridae","Betapolyomavirus","Betapolyomavirus hominis",0,0,0.342759211653813,2.31362467866324
"7",0,0,0,53,"   4","4005","UP000002476","Bunyamwera virus","Bunyamwera virus (BUNV)",35304,"4","Unknown","Genome","BUNYW","Viruses, Riboviria, Orthornavirae, Negarnaviricota, Polyploviricotina, Ellioviricetes, Bunyavirales, Peribunyaviridae, Orthobunyavirus, Bunyamwera orthobunyavirus","GCA_000849925.1","full","Acute","ssRNA-","Peribunyaviridae","Viruses","Orthornavirae","Negarnaviricota","Ellioviricetes","Bunyavirales","Peribunyaviridae","Orthobunyavirus","Bunyamwera orthobunyavirus",0,0,0,1.32832080200501
"8",0,0,0,63,"   4","4031","UP000008768","Bunyavirus La Crosse","Bunyavirus La Crosse (isolate Human/United States/L78/1978)",796210,"4","Unknown","Genome","BUNL8","Viruses, Riboviria, Orthornavirae, Negarnaviricota, Polyploviricotina, Ellioviricetes, Bunyavirales, Peribunyaviridae, Orthobunyavirus, La Crosse orthobunyavirus, Bunyavirus La Crosse","GCA_000850965.1","full","Acute","ssRNA-","Peribunyaviridae","Viruses","Orthornavirae","Negarnaviricota","Ellioviricetes","Bunyavirales","Peribunyaviridae","Orthobunyavirus","La Crosse orthobunyavirus",0,0,0,1.56872509960159
"9",0,0,0,67,"   4","4031","UP000150053","Bunyavirus snowshoe hare","Bunyavirus snowshoe hare",11580,"4","Unknown","Genome","BUNSH","Viruses, Riboviria, Orthornavirae, Negarnaviricota, Polyploviricotina, Ellioviricetes, Bunyavirales, Peribunyaviridae, Orthobunyavirus, Snowshoe hare orthobunyavirus","GCA_004789895.1","full","Acute","ssRNA-","Peribunyaviridae","Viruses","Orthornavirae","Negarnaviricota","Ellioviricetes","Bunyavirales","Peribunyaviridae","Orthobunyavirus","Snowshoe hare orthobunyavirus",0,0,0,1.66832669322709
"10",0,25,300,3794,"   73","37766","UP000137988","Cercopithecine alphaherpesvirus 2","Cercopithecine alphaherpesvirus 2",10317,"73","Standard","Genome","UP000137988","Viruses, Duplodnaviria, Heunggongvirae, Peploviricota, Herviviricetes, Herpesvirales, Herpesviridae, Alphaherpesvirinae, Simplexvirus","GCA_000846965.1","full","Acute","dsDNA","Herpesviridae","Viruses","Heunggongvirae","Peploviricota","Herviviricetes","Herpesvirales","Herpesviridae","Simplexvirus","Simplexvirus cercopithecinealpha2",0,0.0663446738495834,0.796136086195,10.0684677034128
"11",0,0,1,57,"   7","3637","UP000008448","Chandipura virus","Chandipura virus (strain I653514) (CHPV)",11273,"7","Outlier (low value)","Genome","CHAV","Viruses, Riboviria, Orthornavirae, Negarnaviricota, Haploviricotina, Monjiviricetes, Mononegavirales, Rhabdoviridae, Alpharhabdovirinae, Vesiculovirus, Chandipura vesiculovirus, Chandipura virus",NA,NA,"Acute","ssRNA-","Rhabdoviridae","Viruses","Orthornavirae","Negarnaviricota","Monjiviricetes","Mononegavirales","Rhabdoviridae","Vesiculovirus","Vesiculovirus chandipura",0,0,0.0276319425255595,1.57502072395689
"12",0,0,2,116,"   3","4546","UP000000569","Chikungunya virus","Chikungunya virus (strain S27-African prototype) (CHIKV)",371094,"3","Standard","Genome","CHIKS","Viruses, Riboviria, Orthornavirae, Kitrinoviricota, Alsuviricetes, Martellivirales, Togaviridae, Alphavirus, Chikungunya virus","GCA_000854045.1","full","Acute","ssRNA+","Togaviridae","Viruses","Orthornavirae","Kitrinoviricota","Alsuviricetes","Martellivirales","Togaviridae","Alphavirus","Chikungunya virus",0,0,0.0441306266548985,2.55957634598411
"13",0,0,3,57,"   1","2124","UP000029753","Cosavirus A","Cosavirus A (isolate Human/Pakistan/0553/-) (HCoSV-A)",1554483,"1","Standard","Genome","COSAA","Viruses, Riboviria, Orthornavirae, Pisuviricota, Pisoniviricetes, Picornavirales, Picornaviridae, Cosavirus, Cosavirus A, Human cosavirus A","GCA_000885595.1","full","Acute","ssRNA+","Picornaviridae","Viruses","Orthornavirae","Pisuviricota","Pisoniviricetes","Picornavirales","Picornaviridae","Cosavirus","Cosavirus A",0,0,0.142045454545455,2.69886363636364
"14",147,336,641,2210,"  225","67318","UP000152733","Cowpox virus","Cowpox virus (strain Brighton Red) (CPV)",265872,"225","Close to standard (high value)","Genome","CWPXB","Viruses, Varidnaviria, Bamfordvirae, Nucleocytoviricota, Pokkesviricetes, Chitovirales, Poxviridae, Chordopoxvirinae, Orthopoxvirus, Cowpox virus","GCA_000839185.1","full","Acute","dsDNA","Poxviridae","Viruses","Bamfordvirae","Nucleocytoviricota","Pokkesviricetes","Chitovirales","Poxviridae","Orthopoxvirus","Cowpox virus",0.219134790256701,0.500879520586745,0.955546942547926,3.29447541814496
"15",0,0,0,39,"   1","2193","UP000007757","Coxsackievirus A16","Coxsackievirus A16 (strain G-10)",69159,"1","Standard","Genome","CX16G","Viruses, Riboviria, Orthornavirae, Pisuviricota, Pisoniviricetes, Picornavirales, Picornaviridae, Enterovirus, Enterovirus A, Coxsackievirus A16","GCA_000861905.1","full","Acute","ssRNA+","Picornaviridae","Viruses","Orthornavirae","Pisuviricota","Pisoniviricetes","Picornavirales","Picornaviridae","Enterovirus","Enterovirus A",0,0,0,1.78817056396149
"16",0,0,2,180,"   3","6111","UP000008767","Crimean-Congo hemorrhagic fever virus","Crimean-Congo hemorrhagic fever virus (strain Nigeria/IbAr10200/1970) (CCHFV)",652961,"3","Unknown","Genome","CCHFI","Viruses, Riboviria, Orthornavirae, Negarnaviricota, Polyploviricotina, Ellioviricetes, Bunyavirales, Nairoviridae, Orthonairovirus, Crimean-Congo hemorrhagic fever orthonairovirus","GCA_000854165.1","full","Acute","ssRNA-","Nairoviridae","Viruses","Orthornavirae","Negarnaviricota","Ellioviricetes","Bunyavirales","Nairoviridae","Orthonairovirus","Crimean-Congo hemorrhagic fever orthonairovirus",0,0,0.0328030178776447,2.95227160898803
"17",0,0,0,63,"   1","3392","UP000002500","Dengue virus type 1","Dengue virus type 1 (strain Nauru/West Pac/1974) (DENV-1)",11059,"1","Standard","Genome","DEN1W","Viruses, Riboviria, Orthornavirae, Kitrinoviricota, Flasuviricetes, Amarillovirales, Flaviviridae, Flavivirus, Dengue virus, Dengue virus 1","GCA_000862125.1","full","Acute","ssRNA+","Flaviviridae","Viruses","Orthornavirae","Kitrinoviricota","Flasuviricetes","Amarillovirales","Flaviviridae","Flavivirus","Dengue virus",0,0,0,1.86390532544379
"18",0,0,2,60,"   6","3361","UP000181622","Dhori virus (Thogotovirus dhoriense)","Dhori thogotovirus",11318,"6","Unknown","Genome","UP000181622","Viruses, Riboviria, Orthornavirae, Negarnaviricota, Polyploviricotina, Insthoviricetes, Articulavirales, Orthomyxoviridae, Thogotovirus","GCA_002116195.1","partial","Acute","ssRNA-","Orthomyxoviridae","Viruses","Orthornavirae","Negarnaviricota","Insthoviricetes","Articulavirales","Orthomyxoviridae","Thogotovirus","Thogotovirus dhoriense",0,0,0.0598086124401914,1.79425837320574
"19",0,0,2,156,"   3","6070","UP000000278","Dugbe virus","Dugbe virus (isolate ArD44313) (DUGV)",766194,"3","Unknown","Genome","DUGBA","Viruses, Riboviria, Orthornavirae, Negarnaviricota, Polyploviricotina, Ellioviricetes, Bunyavirales, Nairoviridae, Orthonairovirus, Dugbe virus","GCA_000850985.1","partial","Acute","ssRNA-","Nairoviridae","Viruses","Orthornavirae","Negarnaviricota","Ellioviricetes","Bunyavirales","Nairoviridae","Orthonairovirus","Dugbe orthonairovirus",0,0,0.0330250990752972,2.57595772787318
"20",0,0,0,56,"   5","3611","UP000117552","Duvenhage virus","Duvenhage virus (DUVV)",38767,"5","Standard","Genome","DUVV","Viruses, Riboviria, Orthornavirae, Negarnaviricota, Haploviricotina, Monjiviricetes, Mononegavirales, Rhabdoviridae, Alpharhabdovirinae, Lyssavirus",NA,NA,"Acute","ssRNA-","Rhabdoviridae","Viruses","Orthornavirae","Negarnaviricota","Monjiviricetes","Mononegavirales","Rhabdoviridae","Lyssavirus","Lyssavirus duvenhage",0,0,0,1.557719054242
"21",0,0,0,92,"   2","3736","UP000110644","Eastern equine encephalitis virus","Eastern equine encephalitis virus (strain Florida 91-469) (EEEV) (Eastern equine encephalomyelitis virus)",374598,"2","Standard","Genome","EEEVF","Viruses, Riboviria, Orthornavirae, Kitrinoviricota, Alsuviricetes, Martellivirales, Togaviridae, Alphavirus, Eastern equine encephalitis virus",NA,NA,"Acute","ssRNA+","Togaviridae","Viruses","Orthornavirae","Kitrinoviricota","Alsuviricetes","Martellivirales","Togaviridae","Alphavirus","Eastern equine encephalitis virus",0,0,0,2.47112543647596
"22",0,0,0,107,"   9","5494","UP000007209","Zaire ebolavirus","Zaire ebolavirus (strain Mayinga-76) (ZEBOV) (Zaire Ebola virus)",128952,"9","Standard","Genome","EBOZM","Viruses, Riboviria, Orthornavirae, Negarnaviricota, Haploviricotina, Monjiviricetes, Mononegavirales, Filoviridae, Ebolavirus, Zaire ebolavirus, Ebola virus","GCA_000848505.1","full","Acute","ssRNA-","Filoviridae","Viruses","Orthornavirae","Negarnaviricota","Monjiviricetes","Mononegavirales","Filoviridae","Ebolavirus","Zaire ebolavirus",0,0,0,1.95469492144684
"23",0,0,1,28,"   1","2179","UP000000670","Echovirus 23","Human parechovirus 2 (strain Williamson) (HPeV-2) (Echovirus 23)",122962,"1","Standard","Genome","HPE2W","Viruses, Riboviria, Orthornavirae, Pisuviricota, Pisoniviricetes, Picornavirales, Picornaviridae, Parechovirus, Parechovirus A, Human parechovirus 2","GCA_000861505.1","full","Acute","ssRNA+","Picornaviridae","Viruses","Orthornavirae","Pisuviricota","Pisoniviricetes","Picornavirales","Picornaviridae","Parechovirus","Parechovirus A",0,0,0.0461467466543609,1.2921089063221
"24",0,0,2,56,"   2","2420","UP000002319","Encephalomyocarditis virus","Encephalomyocarditis virus (strain Rueckert) (EMCV)",2870365,"2","Standard","Genome","EMCVR","Viruses, Riboviria, Orthornavirae, Pisuviricota, Pisoniviricetes, Picornavirales, Picornaviridae, Cardiovirus, Cardiovirus A, Encephalomyocarditis virus","GCA_000862985.1","full","Acute","ssRNA+","Picornaviridae","Viruses","Orthornavirae","Pisuviricota","Pisoniviricetes","Picornavirales","Picornaviridae","Cardiovirus","Cardiovirus A",0,0,0.0830909846281678,2.3265475695887
"25",114,315,611,3111,"   85","42305","UP000153037","Epstein-Barr virus","Epstein-Barr virus (strain B95-8) (HHV-4) (Human herpesvirus 4)",10377,"92","Close to standard (high value)","Genome","EBVB9","Viruses, Duplodnaviria, Heunggongvirae, Peploviricota, Herviviricetes, Herpesvirales, Herpesviridae, Gammaherpesvirinae, Lymphocryptovirus, Epstein-Barr virus (strain GD1)","GCA_002402265.1","full","Chronic","dsDNA","Herpesviridae","Viruses","Heunggongvirae","Peploviricota","Herviviricetes","Herpesvirales","Herpesviridae","Lymphocryptovirus","Lymphocryptovirus humangamma4",0.270084579118198,0.746286337037125,1.44755857755455,7.37046601435713
"26",0,0,0,65,"   5","3602","UP000008926","European bat lyssavirus 1","European bat lyssavirus 1 (strain Bat/Germany/RV9/1968) (EBLV1)",453115,"5","Standard","Genome","EBLV1","Viruses, Riboviria, Orthornavirae, Negarnaviricota, Haploviricotina, Monjiviricetes, Mononegavirales, Rhabdoviridae, Alpharhabdovirinae, Lyssavirus, European bat 1 lyssavirus","GCA_000870765.1","full","Acute","ssRNA-","Rhabdoviridae","Viruses","Orthornavirae","Negarnaviricota","Monjiviricetes","Mononegavirales","Rhabdoviridae","Lyssavirus","Lyssavirus hamburg",0,0,0,1.81260457334077
"27",0,0,3,74,"   3","3715","UP000008627","Hantaan virus","Hantaan virus (strain 76-118) (Korean hemorrhagic fever virus)",11602,"3","Unknown","Genome","HANTV","Viruses, Riboviria, Orthornavirae, Negarnaviricota, Polyploviricotina, Ellioviricetes, Bunyavirales, Hantaviridae, Mammantavirinae, Orthohantavirus, Hantaan orthohantavirus","GCA_000856085.1","full","Acute","ssRNA-","Hantaviridae","Viruses","Orthornavirae","Negarnaviricota","Ellioviricetes","Bunyavirales","Hantaviridae","Orthohantavirus","Hantaan orthohantavirus",0,0,0.0810591731964334,1.99945960551202
"28",0,0,0,129,"   9","6056","UP000008771","Hendra virus","Hendra virus (isolate Horse/Autralia/Hendra/1994)",928303,"9","Standard","Genome","HENDH","Viruses, Riboviria, Orthornavirae, Negarnaviricota, Haploviricotina, Monjiviricetes, Mononegavirales, Paramyxoviridae, Orthoparamyxovirinae, Henipavirus, Hendra henipavirus","GCA_000852685.1","full","Acute","ssRNA-","Paramyxoviridae","Viruses","Orthornavirae","Negarnaviricota","Monjiviricetes","Mononegavirales","Paramyxoviridae","Henipavirus","Henipavirus hendraense",0,0,0,2.13717693836978
"29",0,0,0,21,"   1","2227","UP000006724","Human hepatitis A virus genotype IB","Human hepatitis A virus genotype IB (isolate HM175) (HHAV) (Human hepatitis A virus (isolate Human/Australia/HM175/1976))",12098,"1","Outlier (high value)","Genome","HAVHM","Viruses, Riboviria, Orthornavirae, Pisuviricota, Pisoniviricetes, Picornavirales, Picornaviridae, Hepatovirus, Hepatovirus A, Human hepatitis A virus","GCA_000860505.1","full","Acute","ssRNA+","Picornaviridae","Viruses","Orthornavirae","Pisuviricota","Pisoniviricetes","Picornavirales","Picornaviridae","Hepatovirus","Hepatovirus A",0,0,0,0.948081264108352
"30",0,2,28,106,"   5","1792","UP000008591","Hepatitis B virus genotype C subtype ayr","Hepatitis B virus genotype C subtype ayr (isolate Human/Japan/Okamoto/-) (HBV-C)",928302,"5","Standard","Genome","HBVCJ","Viruses, Riboviria, Pararnavirae, Artverviricota, Revtraviricetes, Blubervirales, Hepadnaviridae, Orthohepadnavirus, Hepatitis B virus, hepatitis B virus genotype C","GCA_003052205.1","full","Chronic","dsDNA-RT","Hepadnaviridae","Viruses","Pararnavirae","Artverviricota","Revtraviricetes","Blubervirales","Hepadnaviridae","Orthohepadnavirus","Hepatitis B virus",0,0.112612612612613,1.57657657657658,5.96846846846847
"31",0,0,12,142,"   2","3173","UP000000518","Hepatitis C virus genotype 1a","Hepatitis C virus genotype 1a (isolate H77) (HCV)",63746,"2","Standard","Genome","HCV77","Viruses, Riboviria, Orthornavirae, Kitrinoviricota, Flasuviricetes, Amarillovirales, Flaviviridae, Hepacivirus, Hepacivirus C, hepatitis C virus genotype 1a","GCA_000861845.1","full","Chronic","ssRNA+","Flaviviridae","Viruses","Orthornavirae","Kitrinoviricota","Flasuviricetes","Amarillovirales","Flaviviridae","Hepacivirus","Hepacivirus hominis",0,0,0.379746835443038,4.49367088607595
"32",0,0,0,40,"  2","409","UP000006675","Hepatitis delta virus genotype I","Hepatitis delta virus genotype I (isolate D380) (HDV)",31762,"2","Standard","Genome","HDVD3","Viruses, Ribozyviria, Kolmioviridae, Deltavirus, Hepatitis delta virus","GCA_000856565.1","full","Chronic","circular ssRNA-","Kolmioviridae","Viruses",NA,NA,NA,NA,"Kolmioviridae","Deltavirus","Hepatitis delta virus",0,0,0,10.1010101010101
"33",0,0,9,129,"   3","2467","UP000006705","Hepatitis E virus genotype 1","Hepatitis E virus genotype 1 (isolate Human/China/HeBei/1987) (HEV)",652674,"3","Outlier (high value)","Genome","HEVCH","Viruses, Riboviria, Orthornavirae, Kitrinoviricota, Alsuviricetes, Hepelivirales, Hepeviridae, Orthohepevirus, Hepatitis E virus","GCA_000861105.1","full","Acute","ssRNA+","Hepeviridae","Viruses","Orthornavirae","Kitrinoviricota","Alsuviricetes","Hepelivirales","Hepeviridae","Paslahepevirus","Paslahepevirus balayani",0,0,0.366897676314717,5.25886669384427
"34",0,1,12,72,"   4","1590","UP000007407","Hepatitis B virus genotype G","Hepatitis B virus genotype G (isolate IG29227/2000) (HBV-G)",489538,"4","Close to standard (low value)","Genome","HBVG3","Viruses, Riboviria, Pararnavirae, Artverviricota, Revtraviricetes, Blubervirales, Hepadnaviridae, Orthohepadnavirus, Hepatitis B virus, hepatitis B virus genotype G","GCA_003033055.1","full","Chronic","dsDNA-RT","Hepadnaviridae","Viruses","Pararnavirae","Artverviricota","Revtraviricetes","Blubervirales","Hepadnaviridae","Orthohepadnavirus","Hepatitis B virus",0,0.0634920634920635,0.761904761904762,4.57142857142857
"35",125,290,581,1967,"  228","62414","UP000111173","Horsepox virus","Horsepox virus (HSPV)",397342,"228","Standard","Genome","HSPV","Viruses, Varidnaviria, Bamfordvirae, Nucleocytoviricota, Pokkesviricetes, Chitovirales, Poxviridae, Chordopoxvirinae, Orthopoxvirus, Vaccinia virus","GCA_006449675.1","full","Acute","dsDNA","Poxviridae","Viruses","Bamfordvirae","Nucleocytoviricota","Pokkesviricetes","Chitovirales","Poxviridae","Orthopoxvirus","Vaccinia virus",0.201045436268597,0.466425412143144,0.934459187776437,3.16365098512264
"36",9,33,120,828,"   45","12874","UP000008167","Human adenovirus C serotype 2","Human adenovirus C serotype 2 (HAdV-2) (Human adenovirus 2)",10515,"45","Close to standard (low value)","Genome","ADE02","Viruses, Varidnaviria, Bamfordvirae, Preplasmiviricota, Tectiliviricetes, Rowavirales, Adenoviridae, Mastadenovirus, Human mastadenovirus C","GCA_000845085.1","full","Chronic for immuncompromised hosts","dsDNA","Adenoviridae","Viruses","Bamfordvirae","Preplasmiviricota","Tectiliviricetes","Rowavirales","Adenoviridae","Mastadenovirus","Human mastadenovirus C",0.0702137618973319,0.257450460290217,0.936183491964425,6.45966609455453
"37",0,2,11,91,"   3","3157","UP000001650","Human astrovirus-1","Human astrovirus-1 (HAstV-1)",12456,"3","Outlier (low value)","Genome","HASV1","Viruses, Riboviria, Orthornavirae, Pisuviricota, Stelpaviricetes, Stellavirales, Astroviridae, Mamastrovirus, Mamastrovirus 1","GCA_000861865.1","full","Acute","ssRNA+","Astroviridae","Viruses","Orthornavirae","Pisuviricota","Stelpaviricetes","Stellavirales","Astroviridae","Mamastrovirus","Mamastrovirus 1",0,0.0636334712058543,0.349984091632199,2.89532293986637
"38",0,0,17,259,"    8","12928","UP000006716","Human coronavirus 229E (HCoV-229E)","Human coronavirus 229E (HCoV-229E)",11137,"8","Outlier (high value)","Genome","CVH22","Viruses, Riboviria, Orthornavirae, Pisuviricota, Pisoniviricetes, Nidovirales, Cornidovirineae, Coronaviridae, Orthocoronavirinae, Alphacoronavirus, Duvinacovirus","GCA_000853505.1","full","Acute","ssRNA+","Coronaviridae","Viruses","Orthornavirae","Pisuviricota","Pisoniviricetes","Nidovirales","Coronaviridae","Alphacoronavirus","Human coronavirus 229E",0,0,0.131691068246959,2.00635215740956
"39",15,89,437,3394,"  168","63460","UP000000938","Human cytomegalovirus (Merlin)","Human cytomegalovirus (Merlin)",10360,"168","Close to standard (high value)","Genome","HCMVM",NA,"GCA_000845245.1","full","Chronic","dsDNA","Herpesviridae","Viruses","Heunggongvirae","Peploviricota","Herviviricetes","Herpesvirales","Herpesviridae","Cytomegalovirus","Cytomegalovirus humanbeta5",0.0237037973483352,0.140642530933456,0.690570629414832,5.36337921334998
"40",0,0,1,40,"   1","2188","UP000143570","Human enterovirus D68","Human enterovirus D68 (EV68) (EV-68)",42789,"1","Standard","Genome","HED68","Viruses, Riboviria, Orthornavirae, Pisuviricota, Pisoniviricetes, Picornavirales, Picornaviridae, Enterovirus, Enterovirus D",NA,NA,"Acute","ssRNA+","Picornaviridae","Viruses","Orthornavirae","Pisuviricota","Pisoniviricetes","Picornavirales","Picornaviridae","Enterovirus","Enterovirus D",0,0,0.0459558823529412,1.83823529411765
"41",0,0,1,41,"   1","2194","UP000008683","Human enterovirus 70","Human enterovirus 70 (strain J670/71) (EV70) (EV-70)",31915,"1","Standard","Genome","HE701","Viruses, Riboviria, Orthornavirae, Pisuviricota, Pisoniviricetes, Picornavirales, Picornaviridae, Enterovirus, Enterovirus D, enterovirus D70","GCA_000861205.1","full","Acute","ssRNA+","Picornaviridae","Viruses","Orthornavirae","Pisuviricota","Pisoniviricetes","Picornavirales","Picornaviridae","Enterovirus","Enterovirus D",0,0,0.0458295142071494,1.87901008249313
"42",63,90,288,2746,"   73","38405","UP000009294","Human herpesvirus 1 (strain 17)","Human herpesvirus 1 (strain 17) (HHV-1) (Human herpes simplex virus 1)",10299,"73","Close to standard (high value)","Genome","HHV11","Viruses, Duplodnaviria, Heunggongvirae, Peploviricota, Herviviricetes, Herpesvirales, Herpesviridae, Alphaherpesvirinae, Simplexvirus, Human herpesvirus 1","GCA_003052245.1","full","Chronic","dsDNA","Herpesviridae","Viruses","Heunggongvirae","Peploviricota","Herviviricetes","Herpesvirales","Herpesviridae","Simplexvirus","Simplexvirus humanalpha1",0.164400720231727,0.23485817175961,0.751546149630751,7.16578377390987
"43",0,89,323,3244,"   74","39568","UP000001874","Human herpesvirus 2 (strain HG52)","Human herpesvirus 2 (strain HG52) (HHV-2) (Human herpes simplex virus 2)",10315,"74","Close to standard (high value)","Genome","HHV2H","Viruses, Duplodnaviria, Heunggongvirae, Peploviricota, Herviviricetes, Herpesvirales, Herpesviridae, Alphaherpesvirinae, Simplexvirus, Human herpesvirus 2","GCA_003052145.1","full","Chronic","dsDNA","Herpesviridae","Viruses","Heunggongvirae","Peploviricota","Herviviricetes","Herpesvirales","Herpesviridae","Simplexvirus","Simplexvirus humanalpha2",0,0.225413469087962,0.818073601296761,8.21619431147582
"44",29,166,367,1440,"  107","45728","UP000009295","Human herpesvirus 6A","Human herpesvirus 6A (strain Uganda-1102) (HHV-6 variant A) (Human B lymphotropic virus)",10370,"107","Outlier (low value)","Genome","HHV6U","Viruses, Duplodnaviria, Heunggongvirae, Peploviricota, Herviviricetes, Herpesvirales, Herpesviridae, Betaherpesvirinae, Roseolovirus, Human betaherpesvirus 6A","GCA_000845685.2","full","Chronic","dsDNA","Herpesviridae","Viruses","Heunggongvirae","Peploviricota","Herviviricetes","Herpesvirales","Herpesviridae","Roseolovirus","Roseolovirus humanbeta6a",0.0635825476869108,0.363955272966455,0.804648103486078,3.15720236790178
"45",0,7,35,785,"   99","40969","UP000009246","Human herpesvirus 7","Human herpesvirus 7 (strain JI) (HHV-7) (Human T lymphotropic virus)",57278,"102","Outlier (low value)","Genome","HHV7J","Viruses, Duplodnaviria, Heunggongvirae, Peploviricota, Herviviricetes, Herpesvirales, Herpesviridae, Betaherpesvirinae, Roseolovirus, Human betaherpesvirus 7",NA,NA,"Chronic","dsDNA","Herpesviridae","Viruses","Heunggongvirae","Peploviricota","Herviviricetes","Herpesvirales","Herpesviridae","Roseolovirus","Roseolovirus humanbeta7",0,0.0171320884015762,0.0856604420078808,1.92124134217675
"46",16,71,236,1742,"   85","38454","UP000000942","Human herpesvirus 8 type P","Human herpesvirus 8 type P (isolate GK18) (HHV-8) (Kaposi's sarcoma-associated herpesvirus)",868565,"85","Close to standard (high value)","Genome","HHV8P","Viruses, Duplodnaviria, Heunggongvirae, Peploviricota, Herviviricetes, Herpesvirales, Herpesviridae, Gammaherpesvirinae, Rhadinovirus, Human herpesvirus 8","GCA_000838265.1","full","Chronic","dsDNA","Herpesviridae","Viruses","Heunggongvirae","Peploviricota","Herviviricetes","Herpesvirales","Herpesviridae","Rhadinovirus","Rhadinovirus humangamma8",0.041712289483289,0.185098284582095,0.615256269878513,4.54142551749309
"47",5,110,239,1159,"   98","43692","UP000006930","Human herpesvirus 6B (strain Z29)","Human herpesvirus 6B (strain Z29) (HHV-6 variant B) (Human B lymphotropic virus)",36351,"98","Outlier (low value)","Genome","HHV6Z",NA,"GCA_000846365.1","full","Chronic","dsDNA","Herpesviridae","Viruses","Heunggongvirae","Peploviricota","Herviviricetes","Herpesvirales","Herpesviridae","Roseolovirus","Roseolovirus humanbeta6b",0.0114723630773467,0.252391987701627,0.548378955097171,2.65929376132896
"48",0,0,0,67,"   9","3568","UP000002241","Human immunodeficiency virus type 1 group M subtype B","Human immunodeficiency virus type 1 group M subtype B (isolate HXB2) (HIV-1)",11706,"9","Standard","Genome","HV1H2","Viruses, Riboviria, Pararnavirae, Artverviricota, Revtraviricetes, Ortervirales, Retroviridae, Orthoretrovirinae, Lentivirus, Human immunodeficiency virus 1, HIV-1 group M, HIV-1 M:B","GCA_003102975.1","full","Chronic","ssRNA+-RT","Retroviridae","Viruses","Pararnavirae","Artverviricota","Revtraviricetes","Ortervirales","Retroviridae","Lentivirus","Human immunodeficiency virus 1",0,0,0,1.88838782412627
"49",0,0,9,160,"   9","3836","UP000002242","Human immunodeficiency virus type 2 subtype A","Human immunodeficiency virus type 2 subtype A (isolate BEN) (HIV-2)",11714,"9","Close to standard (high value)","Genome","HV2BE","Viruses, Riboviria, Pararnavirae, Artverviricota, Revtraviricetes, Ortervirales, Retroviridae, Orthoretrovirinae, Lentivirus, Human immunodeficiency virus 2, HIV-2 subtype A","GCA_000856385.1","full","Chronic","ssRNA+-RT","Retroviridae","Viruses","Pararnavirae","Artverviricota","Revtraviricetes","Ortervirales","Retroviridae","Lentivirus","Human immunodeficiency virus 2",0,0,0.235849056603774,4.19287211740042
"50",0,0,4,81,"   8","2407","UP000006372","Human papillomavirus 1","Human papillomavirus type 1 (Human papillomavirus type 1a)",10583,"8","Outlier (low value)","Genome","HPV1","Viruses, Monodnaviria, Shotokuvirae, Cossaviricota, Papovaviricetes, Zurhausenvirales, Papillomaviridae, Firstpapillomavirinae, Mupapillomavirus, Mupapillomavirus 1","GCA_000866405.1","full","Acute","dsDNA","Papillomaviridae","Viruses","Shotokuvirae","Cossaviricota","Papovaviricetes","Zurhausenvirales","Papillomaviridae","Mupapillomavirus","Mupapillomavirus 1",0,0,0.16750418760469,3.39195979899498
"51",0,0,2,91,"   7","2370","UP000007710","Human papillomavirus 2a","Human papillomavirus type 2a",10584,"7","Outlier (low value)","Genome","HPV2A","Viruses, Monodnaviria, Shotokuvirae, Cossaviricota, Papovaviricetes, Zurhausenvirales, Papillomaviridae, Firstpapillomavirinae, Alphapapillomavirus, Alphapapillomavirus 4","GCA_000864945.1","full","Acute","dsDNA","Papillomaviridae","Viruses","Shotokuvirae","Cossaviricota","Papovaviricetes","Zurhausenvirales","Papillomaviridae","Alphapapillomavirus","Alphapapillomavirus 4",0,0,0.0850340136054422,3.86904761904762
"52",0,0,0,45,"   9","2600","UP000009251","Human papillomavirus type 16","Human papillomavirus type 16",333760,"9","Standard","Genome","HPV16","Viruses, Monodnaviria, Shotokuvirae, Cossaviricota, Papovaviricetes, Zurhausenvirales, Papillomaviridae, Firstpapillomavirinae, Alphapapillomavirus, Alphapapillomavirus 9","GCA_000863945.2","full","Chronic","dsDNA","Papillomaviridae","Viruses","Shotokuvirae","Cossaviricota","Papovaviricetes","Zurhausenvirales","Papillomaviridae","Alphapapillomavirus","Alphapapillomavirus 9",0,0,0,1.74418604651163
"53",0,0,1,46,"   9","2647","UP000009109","Human papillomavirus type 18","Human papillomavirus type 18",333761,"9","Standard","Genome","HPV18","Viruses, Monodnaviria, Shotokuvirae, Cossaviricota, Papovaviricetes, Zurhausenvirales, Papillomaviridae, Firstpapillomavirinae, Alphapapillomavirus, Alphapapillomavirus 7","GCA_000865665.1","full","Chronic","dsDNA","Papillomaviridae","Viruses","Shotokuvirae","Cossaviricota","Papovaviricetes","Zurhausenvirales","Papillomaviridae","Alphapapillomavirus","Alphapapillomavirus 7",0,0,0.0380662352493338,1.75104682146936
"54",0,0,6,117,"  10","5572","UP000109776","Human parainfluenza type 1 strain Washington/1964","Human parainfluenza virus 1 strain Washington/1964",188538,"10","Close to standard (high value)","Genome","UP000109776","Viruses, Riboviria, Orthornavirae, Negarnaviricota, Haploviricotina, Monjiviricetes, Mononegavirales, Paramyxoviridae, Orthoparamyxovirinae, Respirovirus, Human respirovirus 1","GCA_000848705.1","full","Acute","ssRNA-","Paramyxoviridae","Viruses","Orthornavirae","Negarnaviricota","Monjiviricetes","Mononegavirales","Paramyxoviridae","Respirovirus","Respirovirus laryngotracheitidis",0,0,0.108088632678797,2.10772833723653
"55",0,0,3,56,"   5","1701","UP000006624","Human parvovirus B19","Human parvovirus B19 (strain HV) (HPV B19)",648237,"5","Standard","Genome","PAVHV","Viruses, Monodnaviria, Shotokuvirae, Cossaviricota, Quintoviricetes, Piccovirales, Parvoviridae, Parvovirinae, Erythroparvovirus, Primate erythroparvovirus 1, Human parvovirus B19","GCA_002827345.1","full","Acute","ssDNA","Parvoviridae","Viruses","Shotokuvirae","Cossaviricota","Quintoviricetes","Piccovirales","Parvoviridae","Erythroparvovirus","Erythroparvovirus primate1",0,0,0.178041543026706,3.32344213649852
"56",0,0,1,86,"  11","4540","UP000002472","Human respiratory syncytial virus B","Human respiratory syncytial virus B (strain B1)",79692,"11","Standard","Genome","HRSVB","Viruses, Riboviria, Orthornavirae, Negarnaviricota, Haploviricotina, Monjiviricetes, Mononegavirales, Pneumoviridae, Orthopneumovirus, Human respiratory syncytial virus, Human respiratory syncytial virus B","GCA_000855545.1","full","Acute","ssRNA-","Pneumoviridae","Viruses","Orthornavirae","Negarnaviricota","Monjiviricetes","Mononegavirales","Pneumoviridae","Orthopneumovirus","Orthopneumovirus hominis",0,0,0.0221336874723329,1.90349712262063
"57",0,0,3,47,"   1","2164","UP000007070","Human rhinovirus A serotype 89","Human rhinovirus A serotype 89 (strain 41467-Gallo) (HRV-89)",650130,"1","Standard","Genome","HRV8A","Viruses, Riboviria, Orthornavirae, Pisuviricota, Pisoniviricetes, Picornavirales, Picornaviridae, Enterovirus, Rhinovirus A, Human rhinovirus 89","GCA_008767175.1","full","Acute","ssRNA+","Picornaviridae","Viruses","Orthornavirae","Pisuviricota","Pisoniviricetes","Picornavirales","Picornaviridae","Enterovirus","Rhinovirus A",0,0,0.139405204460967,2.18401486988848
"58",0,0,29,365,"   15","14377","UP000000354","Severe acute respiratory syndrome coronavirus (SARS-CoV)","Severe acute respiratory syndrome coronavirus (SARS-CoV)",694009,"15","Standard","Genome","SARS","Viruses, Riboviria, Orthornavirae, Pisuviricota, Pisoniviricetes, Nidovirales, Cornidovirineae, Coronaviridae, Orthocoronavirinae, Betacoronavirus, Sarbecovirus","GCA_000864885.1","full","Acute","ssRNA+","Coronaviridae","Viruses","Orthornavirae","Pisuviricota","Pisoniviricetes","Nidovirales","Coronaviridae","Betacoronavirus","Severe acute respiratory syndrome-related coronavirus",0,0,0.202076510347711,2.54337676816947
"59",0,0,0,79,"   6","3722","UP000138352","Human spumaretrovirus","Human spumaretrovirus (SFVcpz(hu)) (Human foamy virus)",11963,"6","Outlier (high value)","Genome","FOAMV","Viruses, Riboviria, Pararnavirae, Artverviricota, Revtraviricetes, Ortervirales, Retroviridae, Spumaretrovirinae, Spumavirus, Simian foamy virus",NA,NA,"Chronic","ssRNA+-RT","Retroviridae","Viruses","Pararnavirae","Artverviricota","Revtraviricetes","Ortervirales","Retroviridae","Spumavirus","Simian foamy virus",0,0,0,2.13225371120108
"60",0,2,13,296,"   9","4121","UP000001061","Human T-cell leukemia virus 1","Human T-cell leukemia virus 1 (isolate Caribbea HS-35 subtype A) (HTLV-1)",11927,"9","Close to standard (high value)","Genome","HTL1C","Viruses, Riboviria, Pararnavirae, Artverviricota, Revtraviricetes, Ortervirales, Retroviridae, Orthoretrovirinae, Deltaretrovirus, Primate T-lymphotropic virus 1, Human T-cell leukemia virus type I, HTLV-1 subtype A","GCA_000863585.1","full","Chronic","ssRNA+-RT","Retroviridae","Viruses","Pararnavirae","Artverviricota","Revtraviricetes","Ortervirales","Retroviridae","Deltaretrovirus","Primate T-lymphotropic virus 1",0,0.0487685930260912,0.316995854669593,7.2177517678615
"61",0,0,0,1,"  2","317","UP000243571","Human torovirus","Human torovirus (HuTV)",67605,"2","Outlier (low value)","Genome","HUTV","Viruses, Riboviria, Orthornavirae, Pisuviricota, Pisoniviricetes, Nidovirales, Tornidovirineae, Tobaniviridae, Torovirinae, Torovirus","GCA_002816275.1","partial","Acute","ssRNA+","Tobaniviridae","Viruses","Orthornavirae","Pisuviricota","Pisoniviricetes","Nidovirales","Tobaniviridae","Torovirus","Human torovirus",0,0,0,0.328947368421053
"62",0,0,3,118,"  13","5298","UP000009255","Influenza A virus","Influenza A virus (strain A/Puerto Rico/8/1934 H1N1)",211044,"13","Unknown","Genome","I34A1","Viruses, Riboviria, Orthornavirae, Negarnaviricota, Polyploviricotina, Insthoviricetes, Articulavirales, Orthomyxoviridae, Alphainfluenzavirus, Influenza A virus, H1N1 subtype","GCA_000865725.1","full","Acute","ssRNA-","Orthomyxoviridae","Viruses","Orthornavirae","Negarnaviricota","Insthoviricetes","Articulavirales","Orthomyxoviridae","Alphainfluenzavirus","Alphainfluenzavirus influenzae",0,0,0.0568828213879408,2.23739097459234
"63",0,0,3,80,"  11","4718","UP000008158","Influenza B virus","Influenza B virus (strain B/Lee/1940)",518987,"11","Unknown","Genome","INBLE","Viruses, Riboviria, Orthornavirae, Negarnaviricota, Polyploviricotina, Insthoviricetes, Articulavirales, Orthomyxoviridae, Betainfluenzavirus, Influenza B virus","GCA_000820495.2","full","Acute","ssRNA-","Orthomyxoviridae","Viruses","Orthornavirae","Negarnaviricota","Insthoviricetes","Articulavirales","Orthomyxoviridae","Betainfluenzavirus","Betainfluenzavirus influenzae",0,0,0.0638841567291312,1.70357751277683
"64",0,0,2,68,"   8","4259","UP000008286","Influenza C virus","Influenza C virus (strain C/Ann Arbor/1/1950)",11553,"8","Unknown","Genome","INCAA","Viruses, Riboviria, Orthornavirae, Negarnaviricota, Polyploviricotina, Insthoviricetes, Articulavirales, Orthomyxoviridae, Gammainfluenzavirus, Influenza C virus","GCA_000856665.2","full","Acute","ssRNA-","Orthomyxoviridae","Viruses","Orthornavirae","Negarnaviricota","Insthoviricetes","Articulavirales","Orthomyxoviridae","Gammainfluenzavirus","Gammainfluenzavirus influenzae",0,0,0.0471698113207547,1.60377358490566
"65",0,0,0,60,"   5","3554","UP000204017","Isfahan virus","Isfahan virus (ISFV)",290008,"5","Standard","Genome","ISFV","Viruses, Riboviria, Orthornavirae, Negarnaviricota, Haploviricotina, Monjiviricetes, Mononegavirales, Rhabdoviridae, Alpharhabdovirinae, Vesiculovirus, Isfahan vesiculovirus","GCA_000906835.1","full","Acute","ssRNA-","Rhabdoviridae","Viruses","Orthornavirae","Negarnaviricota","Monjiviricetes","Mononegavirales","Rhabdoviridae","Vesiculovirus","Vesiculovirus isfahan",0,0,0,1.69587337478802
"66",0,0,1,100,"   2","4630","UP000007214","Japanese encephalitis virus","Japanese encephalitis virus (strain Jaoars982) (JEV)",11075,"2","Standard","Genome","JAEVJ","Viruses, Riboviria, Orthornavirae, Kitrinoviricota, Flasuviricetes, Amarillovirales, Flaviviridae, Flavivirus, Japanese encephalitis virus","GCA_000862145.1","full","Acute","ssRNA+","Flaviviridae","Viruses","Orthornavirae","Kitrinoviricota","Flasuviricetes","Amarillovirales","Flaviviridae","Orthoflavivirus","Orthoflavivirus japonicum",0,0,0.0216590859865714,2.16590859865714
"67",0,0,1,48,"   5","1629","UP000008478","JC polyomavirus","JC polyomavirus (JCPyV) (JCV)",10632,"5","Standard","Genome","POVJC","Viruses, Monodnaviria, Shotokuvirae, Cossaviricota, Papovaviricetes, Sepolyvirales, Polyomaviridae, Betapolyomavirus, Human polyomavirus 2","GCA_000863805.1","full","Chronic","dsDNA","Polyomaviridae","Viruses","Shotokuvirae","Cossaviricota","Papovaviricetes","Sepolyvirales","Polyomaviridae","Betapolyomavirus","Betapolyomavirus secuhominis",0,0,0.0619962802231866,2.97582145071296
"68",0,0,0,53,"   4","3353","UP000127886","Junin mammarenavirus","Junin mammarenavirus (JUNV) (Junn mammarenavirus)",2169991,"4","Unknown","Genome","JUNIN","Viruses, Riboviria, Orthornavirae, Negarnaviricota, Polyploviricotina, Ellioviricetes, Bunyavirales, Arenaviridae, Mammarenavirus",NA,NA,"Acute","ssRNA-","Arenaviridae","Viruses","Orthornavirae","Negarnaviricota","Ellioviricetes","Bunyavirales","Arenaviridae","Mammarenavirus","Mammarenavirus juninense",0,0,0,1.58777711204314
"69",0,0,0,37,"   4","1610","UP000107189","KI Polyomavirus","KI polyomavirus (isolate Stockholm 60) (KIPyV)",423446,"4","Outlier (low value)","Genome","POVK6","Viruses, Monodnaviria, Shotokuvirae, Cossaviricota, Papovaviricetes, Sepolyvirales, Polyomaviridae, Betapolyomavirus, Human polyomavirus 3","GCA_000873085.1","full","Acute","dsDNA","Polyomaviridae","Viruses","Shotokuvirae","Cossaviricota","Papovaviricetes","Sepolyvirales","Polyomaviridae","Betapolyomavirus","Betapolyomavirus tertihominis",0,0,0,2.31974921630094
"70",0,0,2,82,"   1","3433","UP000138183","Kunjin virus","Kunjin virus (strain MRM61C)",11078,"1","Standard","Genome","KUNJM","Viruses, Riboviria, Orthornavirae, Kitrinoviricota, Flasuviricetes, Amarillovirales, Flaviviridae, Flavivirus, West Nile virus, Kunjin virus",NA,NA,"Acute","ssRNA+","Flaviviridae","Viruses","Orthornavirae","Kitrinoviricota","Flasuviricetes","Amarillovirales","Flaviviridae","Orthoflavivirus","Orthoflavivirus nilense",0,0,0.0584624378836597,2.39695995323005
"71",0,0,1,64,"   5","3606","UP000161306","Lagos bat virus","Lagos bat virus (LBV)",38766,"5","Standard","Genome","LBV","Viruses, Riboviria, Orthornavirae, Negarnaviricota, Haploviricotina, Monjiviricetes, Mononegavirales, Rhabdoviridae, Alpharhabdovirinae, Lyssavirus",NA,NA,"Acute","ssRNA-","Rhabdoviridae","Viruses","Orthornavirae","Negarnaviricota","Monjiviricetes","Mononegavirales","Rhabdoviridae","Lyssavirus","Lyssavirus lagos",0,0,0.0278551532033426,1.78272980501393
"72",0,0,1,140,"   7","4873","UP000180448","Lake Victoria marburgvirus","Lake Victoria marburgvirus (strain Musoke-80) (MARV) (Marburg virus (strain Kenya/Musoke/1980))",33727,"7","Standard","Genome","MABVM","Viruses, Riboviria, Orthornavirae, Negarnaviricota, Haploviricotina, Monjiviricetes, Mononegavirales, Filoviridae, Marburgvirus, Marburg marburgvirus","GCA_000857325.2","full","Acute","ssRNA-","Filoviridae","Viruses","Orthornavirae","Negarnaviricota","Monjiviricetes","Mononegavirales","Filoviridae","Marburgvirus","Marburg marburgvirus",0,0,0.0205973223480947,2.88362512873326
"73",0,0,2,90,"   1","3414","UP000180575","Langat virus","Langat virus",11085,"1","Standard","Genome","UP000180575","Viruses, Riboviria, Orthornavirae, Kitrinoviricota, Flasuviricetes, Amarillovirales, Flaviviridae, Flavivirus","GCA_000860805.1","full","Acute","ssRNA+","Flaviviridae","Viruses","Orthornavirae","Kitrinoviricota","Flasuviricetes","Amarillovirales","Flaviviridae","Orthoflavivirus","Orthoflavivirus langatense",0,0,0.0587889476778366,2.64550264550265
"74",0,0,1,78,"   4","3377","UP000002473","Lassa virus","Lassa virus (strain Mouse/Sierra Leone/Josiah/1976) (LASV)",11622,"4","Unknown","Genome","LASSJ","Viruses, Riboviria, Orthornavirae, Negarnaviricota, Polyploviricotina, Ellioviricetes, Bunyavirales, Arenaviridae, Mammarenavirus, Lassa virus","GCA_000851705.1","full","Acute","ssRNA-","Arenaviridae","Viruses","Orthornavirae","Negarnaviricota","Ellioviricetes","Bunyavirales","Arenaviridae","Mammarenavirus","Lassa mammarenavirus",0,0,0.0297441998810232,2.32004759071981
"75",0,0,2,75,"   3","2506","UP000007767","Lordsdale virus","Lordsdale virus (strain GII/Human/United Kingdom/Lordsdale/1993) (Human enteric calicivirus) (Hu/NV/LD/1993/UK)",82658,"3","Standard","Genome","LORDV","Viruses, Riboviria, Orthornavirae, Pisuviricota, Pisoniviricetes, Picornavirales, Caliciviridae, Norovirus, Norwalk virus, Norovirus GII","GCA_008766495.1","full","Acute","ssRNA+","Caliciviridae","Viruses","Orthornavirae","Pisuviricota","Pisoniviricetes","Picornavirales","Caliciviridae","Norovirus","Norwalk virus",0,0,0.0802568218298555,3.00963081861958
"76",0,0,0,82,"   1","3414","UP000007644","Louping ill virus","Louping ill virus (Li)",11086,"1","Standard","Genome","LIV","Viruses, Riboviria, Orthornavirae, Kitrinoviricota, Flasuviricetes, Amarillovirales, Flaviviridae, Flavivirus","GCA_000863165.1","full","Acute","ssRNA+","Flaviviridae","Viruses","Orthornavirae","Kitrinoviricota","Flasuviricetes","Amarillovirales","Flaviviridae","Orthoflavivirus","Orthoflavivirus loupingi",0,0,0,2.4103468547913
"77",0,0,0,73,"   4","3356","UP000002474","Lymphocytic choriomeningitis virus","Lymphocytic choriomeningitis virus (strain Armstrong) (LCMV)",11624,"4","Unknown","Genome","LYCVA","Viruses, Riboviria, Orthornavirae, Negarnaviricota, Polyploviricotina, Ellioviricetes, Bunyavirales, Arenaviridae, Mammarenavirus, Lymphocytic choriomeningitis mammarenavirus","GCA_004789475.1","full","Acute","ssRNA-","Arenaviridae","Viruses","Orthornavirae","Negarnaviricota","Ellioviricetes","Bunyavirales","Arenaviridae","Mammarenavirus","Lymphocytic choriomeningitis mammarenavirus",0,0,0,2.18497455851541
"78",0,0,1,54,"   4","3363","UP000233900","Machupo virus","Machupo virus (MACV)",11628,"4","Unknown","Genome","MACHU","Viruses, Riboviria, Orthornavirae, Negarnaviricota, Polyploviricotina, Ellioviricetes, Bunyavirales, Arenaviridae, Mammarenavirus",NA,NA,"Acute","ssRNA-","Arenaviridae","Viruses","Orthornavirae","Negarnaviricota","Ellioviricetes","Bunyavirales","Arenaviridae","Mammarenavirus","Machupo mammarenavirus",0,0,0.029868578255675,1.61290322580645
"79",0,0,1,92,"   2","3679","UP000007774","Mayaro virus","Mayaro virus (strain Brazil) (MAYV)",374990,"2","Outlier (high value)","Genome","MAYAB","Viruses, Riboviria, Orthornavirae, Kitrinoviricota, Alsuviricetes, Martellivirales, Togaviridae, Alphavirus, Mayaro virus","GCA_000863385.1","full","Acute","ssRNA+","Togaviridae","Viruses","Orthornavirae","Kitrinoviricota","Alsuviricetes","Martellivirales","Togaviridae","Alphavirus","Mayaro virus",0,0,0.0272776868521549,2.50954719039825
"80",0,0,2,123,"   8","5202","UP000008699","Measles virus","Measles virus (strain Ichinose-B95a) (MeV) (Subacute sclerose panencephalitis virus)",645098,"8","Standard","Genome","MEASC","Viruses, Riboviria, Orthornavirae, Negarnaviricota, Haploviricotina, Monjiviricetes, Mononegavirales, Paramyxoviridae, Orthoparamyxovirinae, Morbillivirus, Measles morbillivirus","GCA_000854845.1","full","Acute","ssRNA-","Paramyxoviridae","Viruses","Orthornavirae","Negarnaviricota","Monjiviricetes","Mononegavirales","Paramyxoviridae","Morbillivirus","Measles morbillivirus",0,0,0.038587690526722,2.3731429673934
"81",0,0,1,49,"   2","2422","UP000008663","Mengo encephalomyocarditis virus","Mengo encephalomyocarditis virus",12107,"2","Standard","Genome","ENMGO","Viruses, Riboviria, Orthornavirae, Pisuviricota, Pisoniviricetes, Picornavirales, Picornaviridae, Cardiovirus, Cardiovirus A, Encephalomyocarditis virus",NA,NA,"Acute","ssRNA+","Picornaviridae","Viruses","Orthornavirae","Pisuviricota","Pisoniviricetes","Picornavirales","Picornaviridae","Cardiovirus","Cardiovirus A",0,0,0.04151100041511,2.03403902034039
"82",0,0,4,87,"   4","1667","UP000154903","Merkel cell polyomavirus","Merkel cell polyomavirus",493803,"4","Standard","Genome","UP000154903","Viruses, Monodnaviria, Shotokuvirae, Cossaviricota, Papovaviricetes, Sepolyvirales, Polyomaviridae, Alphapolyomavirus, Human polyomavirus 5",NA,NA,"Chronic","dsDNA","Polyomaviridae","Viruses","Shotokuvirae","Cossaviricota","Papovaviricetes","Sepolyvirales","Polyomaviridae","Alphapolyomavirus","Alphapolyomavirus quintihominis",0,0,0.242130750605327,5.26634382566586
"83",0,0,16,210,"   4","8971","UP000147828","SARS coronavirus PUMC03","SARS coronavirus PUMC03",253435,"4","Close to standard (low value)","Genome","UP000147828","Viruses, Riboviria, Orthornavirae, Pisuviricota, Pisoniviricetes, Nidovirales, Cornidovirineae, Coronaviridae, Orthocoronavirinae, Betacoronavirus, Sarbecovirus, Severe acute respiratory syndrome coronavirus",NA,NA,"Acute","ssRNA+","Coronaviridae","Viruses","Orthornavirae","Pisuviricota","Pisoniviricetes","Nidovirales","Coronaviridae","Betacoronavirus","Severe acute respiratory syndrome-related coronavirus",0,0,0.178651183564091,2.3447967842787
"84",0,0,6,292,"   11","14330","UP000171868","MERS","Middle East respiratory syndrome-related coronavirus (MERS-CoV)",1335626,"11","Standard","Genome","MERS","Viruses, Riboviria, Orthornavirae, Pisuviricota, Pisoniviricetes, Nidovirales, Cornidovirineae, Coronaviridae, Orthocoronavirinae, Betacoronavirus, Merbecovirus",NA,NA,"Acute","ssRNA+","Coronaviridae","Viruses","Orthornavirae","Pisuviricota","Pisoniviricetes","Nidovirales","Coronaviridae","Betacoronavirus","Middle East respiratory syndrome-related coronavirus",0,0,0.0419345820519989,2.04081632653061
"85",0,0,2,73,"   5","3604","UP000006826","Mokola virus","Mokola virus (MOKV)",12538,"5","Outlier (low value)","Genome","MOKV","Viruses, Riboviria, Orthornavirae, Negarnaviricota, Haploviricotina, Monjiviricetes, Mononegavirales, Rhabdoviridae, Alpharhabdovirinae, Lyssavirus","GCA_000856485.1","full","Acute","ssRNA-","Rhabdoviridae","Viruses","Orthornavirae","Negarnaviricota","Monjiviricetes","Mononegavirales","Rhabdoviridae","Lyssavirus","Lyssavirus mokola",0,0,0.0557413600891862,2.0345596432553
"86",49,105,350,2943,"  163","54465","UP000000869","Molluscum contagiosum virus subtype 1","Molluscum contagiosum virus subtype 1 (MOCV) (MCVI)",10280,"163","Close to standard (low value)","Genome","MCV1","Viruses, Varidnaviria, Bamfordvirae, Nucleocytoviricota, Pokkesviricetes, Chitovirales, Poxviridae, Chordopoxvirinae, Molluscipoxvirus, Molluscum contagiosum virus","GCA_000843325.1","full","Chronic","dsDNA","Poxviridae","Viruses","Bamfordvirae","Nucleocytoviricota","Pokkesviricetes","Chitovirales","Poxviridae","Molluscipoxvirus","Molluscum contagiosum virus",0.0902543699692398,0.193402221362657,0.644674071208856,5.42078797590761
"87",139,321,600,1940,"  187","55684","UP000101269","Monkeypox virus","Monkeypox virus (strain Zaire-96-I-16) (MPX)",619591,"187","Standard","Genome","MONPZ","Viruses, Varidnaviria, Bamfordvirae, Nucleocytoviricota, Pokkesviricetes, Chitovirales, Poxviridae, Chordopoxvirinae, Orthopoxvirus, Monkeypox virus","GCA_000857045.1","full","Acute","dsDNA","Poxviridae","Viruses","Bamfordvirae","Nucleocytoviricota","Pokkesviricetes","Chitovirales","Poxviridae","Orthopoxvirus","Monkeypox virus",0.250513643081138,0.578524312439174,1.08135385502649,3.49637746458566
"88",0,0,0,115,"   8","4977","UP000002331","Mumps virus","Mumps virus (strain Miyahara vaccine) (MuV)",11171,"8","Standard","Genome","MUMPM","Viruses, Riboviria, Orthornavirae, Negarnaviricota, Haploviricotina, Monjiviricetes, Mononegavirales, Paramyxoviridae, Rubulavirinae, Orthorubulavirus, Mumps orthorubulavirus","GCA_000856685.1","full","Acute","ssRNA-","Paramyxoviridae","Viruses","Orthornavirae","Negarnaviricota","Monjiviricetes","Mononegavirales","Paramyxoviridae","Orthorubulavirus","Mumps orthorubulavirus",0,0,0,2.31948366276725
"89",0,0,0,61,"   1","3434","UP000008863","Murray valley encephalitis virus","Murray valley encephalitis virus (strain MVE-1-51) (MVEV)",301478,"1","Standard","Genome","MVEV5","Viruses, Riboviria, Orthornavirae, Kitrinoviricota, Flasuviricetes, Amarillovirales, Flaviviridae, Flavivirus, Murray Valley encephalitis virus","GCA_000863565.1","full","Acute","ssRNA+","Flaviviridae","Viruses","Orthornavirae","Kitrinoviricota","Flasuviricetes","Amarillovirales","Flaviviridae","Orthoflavivirus","Orthoflavivirus murrayense",0,0,0,1.78258328462887
"90",0,0,1,90,"   8","5891","UP000170143","Nipah virus","Nipah virus",3052225,"8","Outlier (low value)","Genome","NIPAV","Viruses, Riboviria, Orthornavirae, Negarnaviricota, Haploviricotina, Monjiviricetes, Mononegavirales, Paramyxoviridae, Orthoparamyxovirinae, Henipavirus","GCA_003148005.1","full","Acute","ssRNA-","Paramyxoviridae","Viruses","Orthornavirae","Negarnaviricota","Monjiviricetes","Mononegavirales","Paramyxoviridae","Henipavirus","Henipavirus nipahense",0,0,0.0170299727520436,1.53269754768392
"91",0,0,3,71,"   3","2531","UP000000826","Norwalk virus","Norwalk virus (strain GI/Human/United States/Norwalk/1968) (Hu/NV/NV/1968/US)",524364,"3","Standard","Genome","NVN68","Viruses, Riboviria, Orthornavirae, Pisuviricota, Pisoniviricetes, Picornavirales, Caliciviridae, Norovirus, Norwalk virus, Norovirus isolates","GCA_000864005.1","full","Acute","ssRNA+","Caliciviridae","Viruses","Orthornavirae","Pisuviricota","Pisoniviricetes","Picornavirales","Caliciviridae","Norovirus","Norwalk virus",0,0,0.119189511323004,2.82081843464442
"92",0,0,2,58,"   2","3761","UP000008868","Onyong-nyong virus","O'nyong-nyong virus (strain Gulu) (ONNV)",11028,"2","Standard","Genome","ONNVG","Viruses, Riboviria, Orthornavirae, Kitrinoviricota, Alsuviricetes, Martellivirales, Togaviridae, Alphavirus, Onyong-nyong virus","GCA_000863005.1","full","Acute","ssRNA+","Togaviridae","Viruses","Orthornavirae","Kitrinoviricota","Alsuviricetes","Martellivirales","Togaviridae","Alphavirus","Onyong-nyong virus",0,0,0.0533617929562433,1.54749199573106
"93",41,96,265,2062,"  129","42036","UP000000870","Orf virus","Orf virus (strain Goat/Texas/SA00/2000) (OV-SA00) (Orf virus-San Angelo 2000)",647330,"129","Close to standard (low value)","Genome","ORFSA","Viruses, Varidnaviria, Bamfordvirae, Nucleocytoviricota, Pokkesviricetes, Chitovirales, Poxviridae, Chordopoxvirinae, Parapoxvirus, Orf virus","GCA_000844845.1","full","lesions usually resolve by its natural course within a maximum of 8 weeks (immunocompromised hosts)","dsDNA","Poxviridae","Viruses","Bamfordvirae","Nucleocytoviricota","Pokkesviricetes","Chitovirales","Poxviridae","Parapoxvirus","Orf virus",0.0978613710139393,0.229138819935077,0.63251861752912,4.92171090318885
"94",0,0,0,49,"   4","3994","UP000117676","Oropouche virus","Oropouche virus",118655,"4","Unknown","Genome","UP000117676","Viruses, Riboviria, Orthornavirae, Negarnaviricota, Polyploviricotina, Ellioviricetes, Bunyavirales, Peribunyaviridae, Orthobunyavirus, Oropouche orthobunyavirus",NA,NA,"Acute","ssRNA-","Peribunyaviridae","Viruses","Orthornavirae","Negarnaviricota","Ellioviricetes","Bunyavirales","Peribunyaviridae","Orthobunyavirus","Oropouche orthobunyavirus",0,0,0,1.23146519225936
"95",0,0,0,62,"   4","3358","UP000139415","Pichinde mammarenavirus","Pichinde mammarenavirus (PICV) (Pichind mammarenavirus)",2169993,"4","Unknown","Genome","PIARV","Viruses, Riboviria, Orthornavirae, Negarnaviricota, Polyploviricotina, Ellioviricetes, Bunyavirales, Arenaviridae, Mammarenavirus",NA,NA,"Acute","ssRNA-","Arenaviridae","Viruses","Orthornavirae","Negarnaviricota","Ellioviricetes","Bunyavirales","Arenaviridae","Mammarenavirus","Cali mammarenavirus",0,0,0,1.85462159736763
"96",0,0,1,51,"   2","2274","UP000000356","Poliovirus type 1","Poliovirus type 1 (strain Mahoney)",12081,"2","Standard","Genome","POL1M","Viruses, Riboviria, Orthornavirae, Pisuviricota, Pisoniviricetes, Picornavirales, Picornaviridae, Enterovirus, Enterovirus C, Human poliovirus 1","GCA_000861165.1","full","Acute","ssRNA+","Picornaviridae","Viruses","Orthornavirae","Pisuviricota","Pisoniviricetes","Picornavirales","Picornaviridae","Enterovirus","Enterovirus C",0,0,0.0442282176028306,2.25563909774436
"97",0,0,0,56,"   4","3891","UP000214480","Punta toro phlebovirus","Punta toro phlebovirus",11587,"4","Unknown","Genome","PTPV","Viruses, Riboviria, Orthornavirae, Negarnaviricota, Polyploviricotina, Ellioviricetes, Bunyavirales, Phenuiviridae, Phlebovirus, Punta Toro phlebovirus","GCA_002815115.1","full","Acute","ssRNA-","Phenuiviridae","Viruses","Orthornavirae","Negarnaviricota","Ellioviricetes","Bunyavirales","Phenuiviridae","Phlebovirus","Punta Toro phlebovirus",0,0,0,1.44478844169247
"98",0,0,1,72,"   4","3827","UP000110237","Puumala virus","Puumala virus (strain Sotkamo/V-2969/81)",39002,"4","Unknown","Genome","PUUMS","Viruses, Riboviria, Orthornavirae, Negarnaviricota, Polyploviricotina, Ellioviricetes, Bunyavirales, Hantaviridae, Mammantavirinae, Orthohantavirus, Puumala orthohantavirus",NA,NA,"Acute","ssRNA-","Hantaviridae","Viruses","Orthornavirae","Negarnaviricota","Ellioviricetes","Bunyavirales","Hantaviridae","Orthohantavirus","Puumala orthohantavirus",0,0,0.0262329485834208,1.8887722980063
"99",0,0,3,81,"   5","3615","UP000008649","Rabies virus","Rabies virus (strain Pasteur vaccins / PV) (RABV)",103929,"5","Standard","Genome","RABVP","Viruses, Riboviria, Orthornavirae, Negarnaviricota, Haploviricotina, Monjiviricetes, Mononegavirales, Rhabdoviridae, Alpharhabdovirinae, Lyssavirus, Rabies lyssavirus","GCA_000859625.1","full","Acute","ssRNA-","Rhabdoviridae","Viruses","Orthornavirae","Negarnaviricota","Monjiviricetes","Mononegavirales","Rhabdoviridae","Lyssavirus","Lyssavirus rabies",0,0,0.0833564879133093,2.25062517365935
"100",0,0,0,66,"   4","3856","UP000002477","Rift valley fever virus","Rift valley fever virus (strain ZH-548 M12) (RVFV)",11589,"4","Unknown","Genome","RVFVZ","Viruses, Riboviria, Orthornavirae, Negarnaviricota, Polyploviricotina, Ellioviricetes, Bunyavirales, Phenuiviridae, Phlebovirus, Rift Valley fever phlebovirus",NA,NA,"Acute","ssRNA-","Phenuiviridae","Viruses","Orthornavirae","Negarnaviricota","Ellioviricetes","Bunyavirales","Phenuiviridae","Phlebovirus","Rift Valley fever phlebovirus",0,0,0,1.71830252538401
"101",0,0,0,66,"   1","2468","UP000029743","Rosavirus A2","Rosavirus A2 (isolate Human/Gambia/GA7403/2008) (RoV-A2)",1511807,"1","Standard","Genome","ROSV2","Viruses, Riboviria, Orthornavirae, Pisuviricota, Pisoniviricetes, Picornavirales, Picornaviridae, Rosavirus, Rosavirus A, Rosavirus A2","GCA_000918175.1","full","Acute","ssRNA+","Picornaviridae","Viruses","Orthornavirae","Pisuviricota","Pisoniviricetes","Picornavirales","Picornaviridae","Rosavirus","Rosavirus A",0,0,0,2.68729641693811
"102",0,0,4,89,"   2","3734","UP000006579","Ross river virus","Ross river virus (strain NB5092) (RRV)",11031,"2","Standard","Genome","RRVN","Viruses, Riboviria, Orthornavirae, Kitrinoviricota, Alsuviricetes, Martellivirales, Togaviridae, Alphavirus, Ross River virus","GCA_000862165.1","full","Could take 3 to 6 months to resolve","ssRNA+","Togaviridae","Viruses","Orthornavirae","Kitrinoviricota","Alsuviricetes","Martellivirales","Togaviridae","Alphavirus","Ross River virus",0,0,0.107497984412792,2.39183015318463
"103",0,0,2,81,"  12","5897","UP000001119","Rotavirus A","Rotavirus A (isolate RVA/Monkey/South Africa/SA11-H96/1958/G3P5B[2]) (RV-A) (Simian Agent 11 (isolate SI/South Africa/H96/58))",450149,"12","Unknown","Genome","ROTSH","Viruses, Riboviria, Orthornavirae, Duplornaviricota, Resentoviricetes, Reovirales, Reoviridae, Sedoreovirinae, Rotavirus, Rotavirus A, Simian rotavirus A, Simian rotavirus A/SA11","GCA_000880735.1","full","Acute","dsRNA","Sedoreoviridae","Viruses","Orthornavirae","Duplornaviricota","Resentoviricetes","Reovirales","Sedoreoviridae","Rotavirus","Rotavirus A",0,0,0.0340483486550902,1.37895812053115
"104",0,1,4,80,"  12","5712","UP000114294","Rotavirus B","Rotavirus B (isolate RVB/Human/China/ADRV/1982) (RV-B) (Rotavirus B (isolate adult diarrhea rotavirus))",10942,"12","Unknown","Genome","ROTGA","Viruses, Riboviria, Orthornavirae, Duplornaviricota, Resentoviricetes, Reovirales, Reoviridae, Sedoreovirinae, Rotavirus, Rotavirus B",NA,NA,"Acute","dsRNA","Sedoreoviridae","Viruses","Orthornavirae","Duplornaviricota","Resentoviricetes","Reovirales","Sedoreoviridae","Rotavirus","Rotavirus B",0,0.0175777816839515,0.0703111267358059,1.40622253471612
"105",0,0,4,97,"  11","5608","UP000007664","Rotavirus C","Rotavirus C (isolate RVC/Human/United Kingdom/Bristol/1989) (RV-C)",31567,"11","Unknown","Genome","ROTHC","Viruses, Riboviria, Orthornavirae, Duplornaviricota, Resentoviricetes, Reovirales, Reoviridae, Sedoreovirinae, Rotavirus, Rotavirus C","GCA_000864225.1","full","Acute","dsRNA","Sedoreoviridae","Viruses","Orthornavirae","Duplornaviricota","Resentoviricetes","Reovirales","Sedoreoviridae","Rotavirus","Rotavirus C",0,0,0.0716075904045829,1.73648406731114
"106",0,1,11,175,"   2","3179","UP000000571","Rubella virus","Rubella virus (strain Therien) (RUBV)",11045,"2","Standard","Genome","RUBVT","Viruses, Riboviria, Orthornavirae, Kitrinoviricota, Alsuviricetes, Hepelivirales, Matonaviridae, Rubivirus, Rubivirus rubellae, Rubella virus","GCA_000863025.1","full","Acute","ssRNA+","Matonaviridae","Viruses","Orthornavirae","Kitrinoviricota","Alsuviricetes","Hepelivirales","Matonaviridae","Rubivirus","Rubivirus rubellae",0,0.0315855969677827,0.34744156664561,5.52747946936197
"107",0,0,5,81,"   2","3720","UP000007138","Sagiyama virus","Sagiyama virus (SAGV)",59303,"2","Outlier (high value)","Genome","SAGV","Viruses, Riboviria, Orthornavirae, Kitrinoviricota, Alsuviricetes, Martellivirales, Togaviridae, Alphavirus, Getah virus","GCA_002888735.1","full","Acute","ssRNA+","Togaviridae","Viruses","Orthornavirae","Kitrinoviricota","Alsuviricetes","Martellivirales","Togaviridae","Alphavirus","Getah virus",0,0,0.134879956838414,2.1850553007823
"108",0,2,6,82,"   1","2374","UP000029742","Salivirus A","Salivirus A (isolate Human/Nigeria/NG-J1/2007) (SV-A)",651733,"1","Standard","Genome","SALVA","Viruses, Riboviria, Orthornavirae, Pisuviricota, Pisoniviricetes, Picornavirales, Picornaviridae, Salivirus, Salivirus A","GCA_000886535.1","full","Acute","ssRNA+","Picornaviridae","Viruses","Orthornavirae","Pisuviricota","Pisoniviricetes","Picornavirales","Picornaviridae","Salivirus","Salivirus A",0,0.0846740050804403,0.254022015241321,3.47163420829805
"109",0,0,0,74,"   4","3944","UP000207632","Sandfly fever Turkey virus","Sandfly fever Turkey virus",688699,"4","Unknown","Genome","UP000207632","Viruses, Riboviria, Orthornavirae, Negarnaviricota, Polyploviricotina, Ellioviricetes, Bunyavirales, Phenuiviridae, Phlebovirus, Sicilian phlebovirus","GCA_000891955.1","full","Acute","ssRNA-","Phenuiviridae","Viruses","Orthornavirae","Negarnaviricota","Ellioviricetes","Bunyavirales","Phenuiviridae","Phlebovirus","Sicilian phlebovirus",0,0,0,1.88343089844744
"110",0,0,6,50,"   3","3008","UP000000667","Sapovirus aka Sapporo virus","Sapovirus (strain GII/Human/Japan/Sakai C12/2001) (SaV) (Sapporo virus)",290314,"3","Close to standard (high value)","Genome","SVC12","Viruses, Riboviria, Orthornavirae, Pisuviricota, Pisoniviricetes, Picornavirales, Caliciviridae, Sapovirus, Sapporo virus, Sapovirus GII","GCA_000855765.1","full","Acute","ssRNA+","Caliciviridae","Viruses","Orthornavirae","Pisuviricota","Pisoniviricetes","Picornavirales","Caliciviridae","Sapovirus","Sapporo virus",0,0,0.200400801603206,1.67000668002672
"111",0,0,14,329,"   17","14439","UP000464024","SARS coronavirus 2","Severe acute respiratory syndrome coronavirus 2 (2019-nCoV) (SARS-CoV-2)",2697049,"17","Standard","Genome","SARS2","Viruses, Riboviria, Orthornavirae, Pisuviricota, Pisoniviricetes, Nidovirales, Cornidovirineae, Coronaviridae, Orthocoronavirinae, Betacoronavirus, Sarbecovirus, Severe acute respiratory syndrome coronavirus","GCA_009858895.3","full","Acute","ssRNA+","Coronaviridae","Viruses","Orthornavirae","Pisuviricota","Pisoniviricetes","Nidovirales","Coronaviridae","Betacoronavirus","Severe acute respiratory syndrome-related coronavirus",0,0,0.0971480119353272,2.28297828048019
"112",0,0,0,93,"   2","3685","UP000000570","Semliki forest virus","Semliki forest virus (SFV)",11033,"2","Standard","Genome","SFV","Viruses, Riboviria, Orthornavirae, Kitrinoviricota, Alsuviricetes, Martellivirales, Togaviridae, Alphavirus","GCA_000860285.1","full","Acute","ssRNA+","Togaviridae","Viruses","Orthornavirae","Kitrinoviricota","Alsuviricetes","Martellivirales","Togaviridae","Alphavirus","Semliki Forest virus",0,0,0,2.53267973856209
"113",0,0,3,72,"   3","3713","UP000207620","Seoul virus","Seoul virus (strain 80-39)",12557,"3","Unknown","Genome","SEOU8","Viruses, Riboviria, Orthornavirae, Negarnaviricota, Polyploviricotina, Ellioviricetes, Bunyavirales, Hantaviridae, Mammantavirinae, Orthohantavirus, Seoul orthohantavirus","GCA_000855645.1","full","Acute","ssRNA-","Hantaviridae","Viruses","Orthornavirae","Negarnaviricota","Ellioviricetes","Bunyavirales","Hantaviridae","Orthohantavirus","Seoul orthohantavirus",0,0,0.08110300081103,1.94647201946472
"114",0,0,1,90,"   5","3577","UP000001063","Simian foamy virus","Simian foamy virus (isolate chimpanzee) (SFVcpz)",298339,"5","Standard","Genome","SFVCP","Viruses, Riboviria, Pararnavirae, Artverviricota, Revtraviricetes, Ortervirales, Retroviridae, Spumaretrovirinae, Spumavirus, Simian foamy virus","GCA_000848485.1","full","Chronic","ssRNA+-RT","Retroviridae","Viruses","Pararnavirae","Artverviricota","Revtraviricetes","Ortervirales","Retroviridae","Spumavirus","Simian foamy virus",0,0,0.02808199943836,2.5273799494524
"115",0,0,1,102,"   8","4893","UP000007232","Simian virus 5","Parainfluenza virus 5 (strain W3) (PIV5) (Simian virus 5)",11208,"8","Standard","Genome","PIV5","Viruses, Riboviria, Orthornavirae, Negarnaviricota, Haploviricotina, Monjiviricetes, Mononegavirales, Paramyxoviridae, Rubulavirinae, Orthorubulavirus, Mammalian orthorubulavirus 5","GCA_000854805.1","full","Acute","ssRNA-","Paramyxoviridae","Viruses","Orthornavirae","Negarnaviricota","Monjiviricetes","Mononegavirales","Paramyxoviridae","Orthorubulavirus","Mammalian orthorubulavirus 5",0,0,0.0205170291341814,2.0927369716865
"116",0,0,8,141,"   3","4579","UP000006710","Sindbis virus","Sindbis virus (SINV)",11034,"3","Standard","Genome","SINDV","Viruses, Riboviria, Orthornavirae, Kitrinoviricota, Alsuviricetes, Martellivirales, Togaviridae, Alphavirus","GCA_000860545.1","full","Acute","ssRNA+","Togaviridae","Viruses","Orthornavirae","Kitrinoviricota","Alsuviricetes","Martellivirales","Togaviridae","Alphavirus","Sindbis virus",0,0,0.175246440306681,3.08871851040526
"117",0,0,1,82,"   3","2545","UP000007226","Southampton virus","Southampton virus (strain GI/Human/United Kingdom/Southampton/1991) (SHV) (Hu/NV/SHV/1991/UK)",37129,"3","Standard","Genome","SOUV3","Viruses, Riboviria, Orthornavirae, Pisuviricota, Pisoniviricetes, Picornavirales, Caliciviridae, Norovirus, Norwalk virus, Norovirus GI, Southampton virus",NA,NA,"Acute","ssRNA+","Caliciviridae","Viruses","Orthornavirae","Pisuviricota","Pisoniviricetes","Picornavirales","Caliciviridae","Norovirus","Norwalk virus",0,0,0.0395100750691426,3.2398261556697
"118",0,0,0,74,"   1","3430","UP000171556","St. louis encephalitis virus","Saint Louis encephalitis virus",11080,"1","Standard","Genome","UP000171556","Viruses, Riboviria, Orthornavirae, Kitrinoviricota, Flasuviricetes, Amarillovirales, Flaviviridae, Flavivirus",NA,NA,"Acute","ssRNA+","Flaviviridae","Viruses","Orthornavirae","Kitrinoviricota","Flasuviricetes","Amarillovirales","Flaviviridae","Flavivirus","Saint Louis encephalitis virus",0,0,0,2.16500877706261
"119",0,0,2,89,"   1","3415","UP000006848","Tick-borne powassan virus","Tick-borne powassan virus (strain LB) (POWV) (Powassan virus)",39008,"1","Standard","Genome","POWVL","Viruses, Riboviria, Orthornavirae, Kitrinoviricota, Flasuviricetes, Amarillovirales, Flaviviridae, Flavivirus, Powassan virus","GCA_000860485.1","full","Acute","ssRNA+","Flaviviridae","Viruses","Orthornavirae","Kitrinoviricota","Flasuviricetes","Amarillovirales","Flaviviridae","Orthoflavivirus","Orthoflavivirus powassanense",0,0,0.0587716720540699,2.61533940640611
"120",0,0,14,143,"   3","1346","UP000001448","Torque teno virus","Torque teno virus (strain VT416) (TTV)",486280,"3","Close to standard (high value)","Genome","TTVV1","Viruses, Anelloviridae, unclassified Anelloviridae, Torque teno virus","GCA_000857545.1","full","Chronic","ssDNA","Anelloviridae","Viruses",NA,NA,NA,NA,"Anelloviridae",NA,"Torque teno virus",0,0,1.05105105105105,10.7357357357357
"121",0,0,0,87,"   4","4003","UP000142444","Toscana virus","Toscana virus (Tos)",11590,"4","Unknown","Genome","TOSV","Viruses, Riboviria, Orthornavirae, Negarnaviricota, Polyploviricotina, Ellioviricetes, Bunyavirales, Phenuiviridae, Phlebovirus, Toscana phlebovirus",NA,NA,"Acute","ssRNA-","Phenuiviridae","Viruses","Orthornavirae","Negarnaviricota","Ellioviricetes","Bunyavirales","Phenuiviridae","Phlebovirus","Toscana phlebovirus",0,0,0,2.18154463390171
"122",0,0,1,69,"   4","3638","UP000008595","Uukuniemi virus","Uukuniemi virus (strain S23) (UUKV)",487099,"4","Unknown","Genome","UUKS","Viruses, Riboviria, Orthornavirae, Negarnaviricota, Polyploviricotina, Ellioviricetes, Bunyavirales, Phenuiviridae, Phlebovirus, Uukuniemi phlebovirus","GCA_000851865.1","full","Acute","ssRNA-","Phenuiviridae","Viruses","Orthornavirae","Negarnaviricota","Ellioviricetes","Bunyavirales","Phenuiviridae","Phlebovirus","Uukuniemi phlebovirus",0,0,0.0276014352746343,1.90449903394977
"123",123,283,553,1836,"  217","56795","UP000000344","Vaccinia virus","Vaccinia virus (strain Western Reserve) (VACV) (Vaccinia virus (strain WR))",10254,"217","Standard","Genome","VACCW","Viruses, Varidnaviria, Bamfordvirae, Nucleocytoviricota, Pokkesviricetes, Chitovirales, Poxviridae, Chordopoxvirinae, Orthopoxvirus, Vaccinia virus","GCA_000860085.1","full","Acute","dsDNA","Poxviridae","Viruses","Bamfordvirae","Nucleocytoviricota","Pokkesviricetes","Chitovirales","Poxviridae","Orthopoxvirus","Vaccinia virus",0.2174412643414,0.500291689500946,0.977601781957678,3.24570862870578
"124",0,3,47,996,"   69","35782","UP000002602","Varicella-zoster virus","Varicella-zoster virus (strain Dumas) (HHV-3) (Human herpesvirus 3)",10338,"69","Standard","Genome","VZVD","Viruses, Duplodnaviria, Heunggongvirae, Peploviricota, Herviviricetes, Herpesvirales, Herpesviridae, Alphaherpesvirinae, Varicellovirus, Human herpesvirus 3","GCA_000858285.1","full","Chronic","dsDNA","Herpesviridae","Viruses","Heunggongvirae","Peploviricota","Herviviricetes","Herpesvirales","Herpesviridae","Varicellovirus","Varicellovirus humanalpha3",0,0.00840289059436446,0.131645285978377,2.789759677329
"125",112,262,488,1645,"  198","54086","UP000002060","Variola virus","Variola virus (isolate Human/India/Ind3/1967) (VARV) (Smallpox virus)",587200,"198","Standard","Genome","VAR67","Viruses, Varidnaviria, Bamfordvirae, Nucleocytoviricota, Pokkesviricetes, Chitovirales, Poxviridae, Chordopoxvirinae, Orthopoxvirus, Variola virus","GCA_000859885.1","full","Acute","dsDNA","Poxviridae","Viruses","Bamfordvirae","Nucleocytoviricota","Pokkesviricetes","Chitovirales","Poxviridae","Orthopoxvirus","Variola virus",0.207880913933589,0.486292852237504,0.905766839282068,3.0532509233996
"126",0,0,6,105,"   2","3748","UP000171441","Venezuelan equine encephalitis virus","Venezuelan equine encephalitis virus (strain P676) (VEEV)",36385,"2","Standard","Genome","EEVVP","Viruses, Riboviria, Orthornavirae, Kitrinoviricota, Alsuviricetes, Martellivirales, Togaviridae, Alphavirus, Venezuelan equine encephalitis virus",NA,NA,"Acute","ssRNA+","Togaviridae","Viruses","Orthornavirae","Kitrinoviricota","Alsuviricetes","Martellivirales","Togaviridae","Alphavirus","Venezuelan equine encephalitis virus",0,0,0.160642570281124,2.81124497991968
"127",0,0,0,75,"   6","3603","UP000002327","Vesicular stomatitis Indiana virus","Vesicular stomatitis Indiana virus (strain San Juan) (VSIV)",11285,"6","Standard","Genome","VSIVA","Viruses, Riboviria, Orthornavirae, Negarnaviricota, Haploviricotina, Monjiviricetes, Mononegavirales, Rhabdoviridae, Alpharhabdovirinae, Vesiculovirus, Indiana vesiculovirus, Vesicular stomatitis Indiana virus","GCA_000850045.1","full","Acute","ssRNA-","Rhabdoviridae","Viruses","Orthornavirae","Negarnaviricota","Monjiviricetes","Mononegavirales","Rhabdoviridae","Vesiculovirus","Vesiculovirus indiana",0,0,0,2.0914668153932
"128",0,0,2,83,"   1","3433","UP000136458","West Nile virus","West Nile virus (WNV)",11082,"1","Standard","Genome","WNV","Viruses, Riboviria, Orthornavirae, Kitrinoviricota, Flasuviricetes, Amarillovirales, Flaviviridae, Flavivirus",NA,NA,"Acute","ssRNA+","Flaviviridae","Viruses","Orthornavirae","Kitrinoviricota","Flasuviricetes","Amarillovirales","Flaviviridae","Orthoflavivirus","Orthoflavivirus nilense",0,0,0.0584624378836597,2.42619117217188
"129",0,0,0,66,"   2","3703","UP000128494","Western equine encephalitis virus","Western equine encephalitis virus (WEEV)",11039,"2","Standard","Genome","WEEV","Viruses, Riboviria, Orthornavirae, Kitrinoviricota, Alsuviricetes, Martellivirales, Togaviridae, Alphavirus",NA,NA,"Acute","ssRNA+","Togaviridae","Viruses","Orthornavirae","Kitrinoviricota","Alsuviricetes","Martellivirales","Togaviridae","Alphavirus","Western equine encephalitis virus",0,0,0,1.78861788617886
"130",0,0,2,55,"   4","1626","UP000118542","WU polyomavirus","WU polyomavirus (WUPyV)",440266,"4","Standard","Genome","POVWU","Viruses, Monodnaviria, Shotokuvirae, Cossaviricota, Papovaviricetes, Sepolyvirales, Polyomaviridae, Betapolyomavirus, Human polyomavirus 4",NA,NA,"Acute","dsDNA","Polyomaviridae","Viruses","Shotokuvirae","Cossaviricota","Papovaviricetes","Sepolyvirales","Polyomaviridae","Betapolyomavirus","Betapolyomavirus quartihominis",0,0,0.124146492861577,3.41402855369336
"131",66,141,261,984,"  140","42362","UP000008596","Yaba monkey tumor virus","Yaba monkey tumor virus (strain VR587) (YMTV)",928314,"140","Close to standard (low value)","Genome","YMTV5","Viruses, Varidnaviria, Bamfordvirae, Nucleocytoviricota, Pokkesviricetes, Chitovirales, Poxviridae, Chordopoxvirinae, Yatapoxvirus, Yaba monkey tumor virus","GCA_000845705.1","full","Lesions last about 6 weeks","dsDNA","Poxviridae","Viruses","Bamfordvirae","Nucleocytoviricota","Pokkesviricetes","Chitovirales","Poxviridae","Yatapoxvirus","Yaba monkey tumor virus",0.156357347610812,0.334036151714008,0.618322238279122,2.33114590983393
"132",77,174,321,1242,"  150","45790","UP000136581","Yaba-like disease virus","Yaba-like disease virus (YLDV)",132475,"150","Close to standard (low value)","Genome","YLDV","Viruses, Varidnaviria, Bamfordvirae, Nucleocytoviricota, Pokkesviricetes, Chitovirales, Poxviridae, Chordopoxvirinae, Yatapoxvirus, Tanapox virus","GCA_000847185.1","full","Lesions last about 6 weeks","dsDNA","Poxviridae","Viruses","Bamfordvirae","Nucleocytoviricota","Pokkesviricetes","Chitovirales","Poxviridae","Yatapoxvirus","Tanapox virus",0.168752328562975,0.381336430778671,0.70349996712617,2.72195314383397
"133",0,0,4,96,"   1","3411","UP000000360","Yellow fever virus","Yellow fever virus (strain 17D vaccine) (YFV)",11090,"1","Standard","Genome","YEFV1","Viruses, Riboviria, Orthornavirae, Kitrinoviricota, Flasuviricetes, Amarillovirales, Flaviviridae, Flavivirus, Yellow fever virus","GCA_000857725.1","full","Acute","ssRNA+","Flaviviridae","Viruses","Orthornavirae","Kitrinoviricota","Flasuviricetes","Amarillovirales","Flaviviridae","Orthoflavivirus","Orthoflavivirus flavi",0,0,0.117681671079729,2.8243601059135
"134",0,0,1,76,"   1","3419","UP000054557","Zika virus","Zika virus (ZIKV)",64320,"1","Standard","Genome","ZIKV","Viruses, Riboviria, Orthornavirae, Kitrinoviricota, Flasuviricetes, Amarillovirales, Flaviviridae, Flavivirus","GCA_000882815.1","full","Acute","ssRNA+","Flaviviridae","Viruses","Orthornavirae","Kitrinoviricota","Flasuviricetes","Amarillovirales","Flaviviridae","Orthoflavivirus","Orthoflavivirus zikaense",0,0,0.0293513354857646,2.23070149691811
