"","chromosome_name","mismatches","count","pathogen"
"1","Auto",2,2,"Adenoassociated_virus_UP000180764_12mer_3mis_hits.csv.gz"
"2","Auto",3,75,"Adenoassociated_virus_UP000180764_12mer_3mis_hits.csv.gz"
"3","Auto",1,2,"Aichi_virus_UP000119554_12mer_3mis_hits.csv.gz"
"4","Auto",2,10,"Aichi_virus_UP000119554_12mer_3mis_hits.csv.gz"
"5","Auto",3,88,"Aichi_virus_UP000119554_12mer_3mis_hits.csv.gz"
"6","X",2,5,"Aichi_virus_UP000119554_12mer_3mis_hits.csv.gz"
"7","X",3,3,"Aichi_virus_UP000119554_12mer_3mis_hits.csv.gz"
"8","Auto",3,47,"Australian_bat_lyssavirus_UP000006934_12mer_3mis_hits.csv.gz"
"9","X",3,4,"Australian_bat_lyssavirus_UP000006934_12mer_3mis_hits.csv.gz"
"10","Auto",2,3,"Banna_virus_UP000000832_12mer_3mis_hits.csv.gz"
"11","Auto",3,119,"Banna_virus_UP000000832_12mer_3mis_hits.csv.gz"
"12","X",2,1,"Banna_virus_UP000000832_12mer_3mis_hits.csv.gz"
"13","X",3,7,"Banna_virus_UP000000832_12mer_3mis_hits.csv.gz"
"14","Auto",2,5,"Barmah_forest_virus_UP000007609_12mer_3mis_hits.csv.gz"
"15","Auto",3,77,"Barmah_forest_virus_UP000007609_12mer_3mis_hits.csv.gz"
"16","X",3,3,"Barmah_forest_virus_UP000007609_12mer_3mis_hits.csv.gz"
"17","Auto",2,4,"BK_polyomavirus_UP000145981_12mer_3mis_hits.csv.gz"
"18","Auto",3,22,"BK_polyomavirus_UP000145981_12mer_3mis_hits.csv.gz"
"19","Auto",3,52,"Bunyamwera_virus_UP000002476_12mer_3mis_hits.csv.gz"
"20","X",3,1,"Bunyamwera_virus_UP000002476_12mer_3mis_hits.csv.gz"
"21","Auto",3,60,"Bunyavirus_La_Crosse_UP000008768_12mer_3mis_hits.csv.gz"
"22","X",3,1,"Bunyavirus_La_Crosse_UP000008768_12mer_3mis_hits.csv.gz"
"23","Auto",3,64,"Bunyavirus_snowshoe_hare_UP000150053_12mer_3mis_hits.csv.gz"
"24","X",3,2,"Bunyavirus_snowshoe_hare_UP000150053_12mer_3mis_hits.csv.gz"
"25","Auto",1,25,"Cercopithecine_alphaherpesvirus_UP000137988_12mer_3mis_hits.csv.gz"
"26","Auto",2,280,"Cercopithecine_alphaherpesvirus_UP000137988_12mer_3mis_hits.csv.gz"
"27","Auto",3,3396,"Cercopithecine_alphaherpesvirus_UP000137988_12mer_3mis_hits.csv.gz"
"28","Mitochondrion",3,1,"Cercopithecine_alphaherpesvirus_UP000137988_12mer_3mis_hits.csv.gz"
"29","X",1,17,"Cercopithecine_alphaherpesvirus_UP000137988_12mer_3mis_hits.csv.gz"
"30","X",2,87,"Cercopithecine_alphaherpesvirus_UP000137988_12mer_3mis_hits.csv.gz"
"31","X",3,231,"Cercopithecine_alphaherpesvirus_UP000137988_12mer_3mis_hits.csv.gz"
"32","Y",3,3,"Cercopithecine_alphaherpesvirus_UP000137988_12mer_3mis_hits.csv.gz"
"33","Auto",3,53,"Chandipura_virus_UP000008448_12mer_3mis_hits.csv.gz"
"34","X",2,1,"Chandipura_virus_UP000008448_12mer_3mis_hits.csv.gz"
"35","X",3,2,"Chandipura_virus_UP000008448_12mer_3mis_hits.csv.gz"
"36","Auto",2,2,"Chikungunya_virus_UP000000569_12mer_3mis_hits.csv.gz"
"37","Auto",3,111,"Chikungunya_virus_UP000000569_12mer_3mis_hits.csv.gz"
"38","Auto",2,3,"Cosavirus_A_UP000029753_12mer_3mis_hits.csv.gz"
"39","Auto",3,50,"Cosavirus_A_UP000029753_12mer_3mis_hits.csv.gz"
"40","X",2,2,"Cosavirus_A_UP000029753_12mer_3mis_hits.csv.gz"
"41","X",3,5,"Cosavirus_A_UP000029753_12mer_3mis_hits.csv.gz"
"42","Auto",0,187,"Cowpox_virus_UP000152733_12mer_3mis_hits.csv.gz"
"43","Auto",1,277,"Cowpox_virus_UP000152733_12mer_3mis_hits.csv.gz"
"44","Auto",2,441,"Cowpox_virus_UP000152733_12mer_3mis_hits.csv.gz"
"45","Auto",3,1693,"Cowpox_virus_UP000152733_12mer_3mis_hits.csv.gz"
"46","X",1,3,"Cowpox_virus_UP000152733_12mer_3mis_hits.csv.gz"
"47","X",2,24,"Cowpox_virus_UP000152733_12mer_3mis_hits.csv.gz"
"48","X",3,74,"Cowpox_virus_UP000152733_12mer_3mis_hits.csv.gz"
"49","Y",3,1,"Cowpox_virus_UP000152733_12mer_3mis_hits.csv.gz"
"50","Auto",3,37,"Coxsackievirus_UP000007757_12mer_3mis_hits.csv.gz"
"51","X",3,2,"Coxsackievirus_UP000007757_12mer_3mis_hits.csv.gz"
"52","Auto",2,2,"Crimean-Congo_hemorrhagic_fever_virus_UP000008767_12mer_3mis_hits.csv.gz"
"53","Auto",3,176,"Crimean-Congo_hemorrhagic_fever_virus_UP000008767_12mer_3mis_hits.csv.gz"
"54","X",3,3,"Crimean-Congo_hemorrhagic_fever_virus_UP000008767_12mer_3mis_hits.csv.gz"
"55","Auto",3,63,"Dengue_virus_UP000002500_12mer_3mis_hits.csv.gz"
"56","Auto",2,2,"Dhori_virus_UP000181622_12mer_3mis_hits.csv.gz"
"57","Auto",3,58,"Dhori_virus_UP000181622_12mer_3mis_hits.csv.gz"
"58","Auto",2,2,"Dugbe_virus_UP000000278_12mer_3mis_hits.csv.gz"
"59","Auto",3,147,"Dugbe_virus_UP000000278_12mer_3mis_hits.csv.gz"
"60","X",3,13,"Dugbe_virus_UP000000278_12mer_3mis_hits.csv.gz"
"61","Auto",3,52,"Duvenhage_virus_UP000117552_12mer_3mis_hits.csv.gz"
"62","X",3,4,"Duvenhage_virus_UP000117552_12mer_3mis_hits.csv.gz"
"63","Auto",3,89,"Eastern_equine_encephalitis_virus_UP000110644_12mer_3mis_hits.csv.gz"
"64","X",3,6,"Eastern_equine_encephalitis_virus_UP000110644_12mer_3mis_hits.csv.gz"
"65","Auto",3,105,"Ebolavirus_UP000007209_12mer_3mis_hits.csv.gz"
"66","X",3,1,"Ebolavirus_UP000007209_12mer_3mis_hits.csv.gz"
"67","Auto",2,1,"Echovirus_UP000000670_12mer_3mis_hits.csv.gz"
"68","Auto",3,27,"Echovirus_UP000000670_12mer_3mis_hits.csv.gz"
"69","Auto",2,2,"Encephalomyocarditis_virus_UP000002319_12mer_3mis_hits.csv.gz"
"70","Auto",3,49,"Encephalomyocarditis_virus_UP000002319_12mer_3mis_hits.csv.gz"
"71","X",3,7,"Encephalomyocarditis_virus_UP000002319_12mer_3mis_hits.csv.gz"
"72","Auto",0,115,"Epstein-Barr_virus_UP000153037_12mer_3mis_hits.csv.gz"
"73","Auto",1,204,"Epstein-Barr_virus_UP000153037_12mer_3mis_hits.csv.gz"
"74","Auto",2,304,"Epstein-Barr_virus_UP000153037_12mer_3mis_hits.csv.gz"
"75","Auto",3,2422,"Epstein-Barr_virus_UP000153037_12mer_3mis_hits.csv.gz"
"76","Mitochondrion",3,2,"Epstein-Barr_virus_UP000153037_12mer_3mis_hits.csv.gz"
"77","X",0,34,"Epstein-Barr_virus_UP000153037_12mer_3mis_hits.csv.gz"
"78","X",1,156,"Epstein-Barr_virus_UP000153037_12mer_3mis_hits.csv.gz"
"79","X",2,139,"Epstein-Barr_virus_UP000153037_12mer_3mis_hits.csv.gz"
"80","X",3,155,"Epstein-Barr_virus_UP000153037_12mer_3mis_hits.csv.gz"
"81","Y",1,1,"Epstein-Barr_virus_UP000153037_12mer_3mis_hits.csv.gz"
"82","Y",3,2,"Epstein-Barr_virus_UP000153037_12mer_3mis_hits.csv.gz"
"83","Auto",3,59,"European_bat_lyssavirus_UP000008926_12mer_3mis_hits.csv.gz"
"84","X",3,6,"European_bat_lyssavirus_UP000008926_12mer_3mis_hits.csv.gz"
"85","Auto",2,3,"Hantaan_virus_UP000008627_12mer_3mis_hits.csv.gz"
"86","Auto",3,69,"Hantaan_virus_UP000008627_12mer_3mis_hits.csv.gz"
"87","X",3,2,"Hantaan_virus_UP000008627_12mer_3mis_hits.csv.gz"
"88","Auto",3,122,"Hendra_virus_UP000008771_12mer_3mis_hits.csv.gz"
"89","X",3,3,"Hendra_virus_UP000008771_12mer_3mis_hits.csv.gz"
"90","Auto",3,20,"Hepatitis_A_virus_UP000006724_12mer_3mis_hits.csv.gz"
"91","X",3,1,"Hepatitis_A_virus_UP000006724_12mer_3mis_hits.csv.gz"
"92","Auto",1,2,"Hepatitis_B_virus_UP000008591_12mer_3mis_hits.csv.gz"
"93","Auto",2,26,"Hepatitis_B_virus_UP000008591_12mer_3mis_hits.csv.gz"
"94","Auto",3,75,"Hepatitis_B_virus_UP000008591_12mer_3mis_hits.csv.gz"
"95","X",2,2,"Hepatitis_B_virus_UP000008591_12mer_3mis_hits.csv.gz"
"96","X",3,3,"Hepatitis_B_virus_UP000008591_12mer_3mis_hits.csv.gz"
"97","Auto",2,12,"Hepatitis_C_virus_UP000000518_12mer_3mis_hits.csv.gz"
"98","Auto",3,128,"Hepatitis_C_virus_UP000000518_12mer_3mis_hits.csv.gz"
"99","X",3,3,"Hepatitis_C_virus_UP000000518_12mer_3mis_hits.csv.gz"
"100","Auto",3,40,"Hepatitis_delta_virus_UP000006675_12mer_3mis_hits.csv.gz"
"101","X",3,2,"Hepatitis_delta_virus_UP000006675_12mer_3mis_hits.csv.gz"
"102","Auto",2,9,"Hepatitis_E_virus_UP000006705_12mer_3mis_hits.csv.gz"
"103","Auto",3,113,"Hepatitis_E_virus_UP000006705_12mer_3mis_hits.csv.gz"
"104","X",3,8,"Hepatitis_E_virus_UP000006705_12mer_3mis_hits.csv.gz"
"105","Auto",1,1,"Hepatitis_G_virus_UP000007407_12mer_3mis_hits.csv.gz"
"106","Auto",2,11,"Hepatitis_G_virus_UP000007407_12mer_3mis_hits.csv.gz"
"107","Auto",3,54,"Hepatitis_G_virus_UP000007407_12mer_3mis_hits.csv.gz"
"108","X",2,2,"Hepatitis_G_virus_UP000007407_12mer_3mis_hits.csv.gz"
"109","X",3,3,"Hepatitis_G_virus_UP000007407_12mer_3mis_hits.csv.gz"
"110","Auto",0,146,"Horsepox_virus_UP000111173_12mer_3mis_hits.csv.gz"
"111","Auto",1,218,"Horsepox_virus_UP000111173_12mer_3mis_hits.csv.gz"
"112","Auto",2,380,"Horsepox_virus_UP000111173_12mer_3mis_hits.csv.gz"
"113","Auto",3,1478,"Horsepox_virus_UP000111173_12mer_3mis_hits.csv.gz"
"114","X",2,16,"Horsepox_virus_UP000111173_12mer_3mis_hits.csv.gz"
"115","X",3,45,"Horsepox_virus_UP000111173_12mer_3mis_hits.csv.gz"
"116","Y",3,1,"Horsepox_virus_UP000111173_12mer_3mis_hits.csv.gz"
"117","Auto",0,9,"Human_adenovirus_UP000008167_12mer_3mis_hits.csv.gz"
"118","Auto",1,24,"Human_adenovirus_UP000008167_12mer_3mis_hits.csv.gz"
"119","Auto",2,86,"Human_adenovirus_UP000008167_12mer_3mis_hits.csv.gz"
"120","Auto",3,692,"Human_adenovirus_UP000008167_12mer_3mis_hits.csv.gz"
"121","X",0,7,"Human_adenovirus_UP000008167_12mer_3mis_hits.csv.gz"
"122","X",1,19,"Human_adenovirus_UP000008167_12mer_3mis_hits.csv.gz"
"123","X",2,42,"Human_adenovirus_UP000008167_12mer_3mis_hits.csv.gz"
"124","X",3,41,"Human_adenovirus_UP000008167_12mer_3mis_hits.csv.gz"
"125","Y",0,1,"Human_adenovirus_UP000008167_12mer_3mis_hits.csv.gz"
"126","Y",1,1,"Human_adenovirus_UP000008167_12mer_3mis_hits.csv.gz"
"127","Y",2,2,"Human_adenovirus_UP000008167_12mer_3mis_hits.csv.gz"
"128","Y",3,1,"Human_adenovirus_UP000008167_12mer_3mis_hits.csv.gz"
"129","Auto",1,2,"Human_astrovirus_UP000001650_12mer_3mis_hits.csv.gz"
"130","Auto",2,9,"Human_astrovirus_UP000001650_12mer_3mis_hits.csv.gz"
"131","Auto",3,76,"Human_astrovirus_UP000001650_12mer_3mis_hits.csv.gz"
"132","Auto",2,17,"Human_coronavirus_UP000006716_12mer_3mis_hits.csv.gz"
"133","Auto",3,227,"Human_coronavirus_UP000006716_12mer_3mis_hits.csv.gz"
"134","X",2,2,"Human_coronavirus_UP000006716_12mer_3mis_hits.csv.gz"
"135","X",3,13,"Human_coronavirus_UP000006716_12mer_3mis_hits.csv.gz"
"136","Auto",0,15,"Human_cytomegalovirus_merlin_UP000000938_12mer_3mis_hits.csv.gz"
"137","Auto",1,73,"Human_cytomegalovirus_merlin_UP000000938_12mer_3mis_hits.csv.gz"
"138","Auto",2,344,"Human_cytomegalovirus_merlin_UP000000938_12mer_3mis_hits.csv.gz"
"139","Auto",3,2836,"Human_cytomegalovirus_merlin_UP000000938_12mer_3mis_hits.csv.gz"
"140","X",0,10,"Human_cytomegalovirus_merlin_UP000000938_12mer_3mis_hits.csv.gz"
"141","X",1,63,"Human_cytomegalovirus_merlin_UP000000938_12mer_3mis_hits.csv.gz"
"142","X",2,161,"Human_cytomegalovirus_merlin_UP000000938_12mer_3mis_hits.csv.gz"
"143","X",3,225,"Human_cytomegalovirus_merlin_UP000000938_12mer_3mis_hits.csv.gz"
"144","Y",1,2,"Human_cytomegalovirus_merlin_UP000000938_12mer_3mis_hits.csv.gz"
"145","Y",2,7,"Human_cytomegalovirus_merlin_UP000000938_12mer_3mis_hits.csv.gz"
"146","Y",3,6,"Human_cytomegalovirus_merlin_UP000000938_12mer_3mis_hits.csv.gz"
"147","Auto",2,1,"Human_enterovirus_68_UP000143570_12mer_3mis_hits.csv.gz"
"148","Auto",3,35,"Human_enterovirus_68_UP000143570_12mer_3mis_hits.csv.gz"
"149","X",3,4,"Human_enterovirus_68_UP000143570_12mer_3mis_hits.csv.gz"
"150","Auto",2,1,"Human_enterovirus_70_UP000008683_12mer_3mis_hits.csv.gz"
"151","Auto",3,38,"Human_enterovirus_70_UP000008683_12mer_3mis_hits.csv.gz"
"152","X",3,2,"Human_enterovirus_70_UP000008683_12mer_3mis_hits.csv.gz"
"153","Auto",0,63,"Human_herpesvirus_1_UP000009294_12mer_3mis_hits.csv.gz"
"154","Auto",1,27,"Human_herpesvirus_1_UP000009294_12mer_3mis_hits.csv.gz"
"155","Auto",2,211,"Human_herpesvirus_1_UP000009294_12mer_3mis_hits.csv.gz"
"156","Auto",3,2401,"Human_herpesvirus_1_UP000009294_12mer_3mis_hits.csv.gz"
"157","Mitochondrion",3,2,"Human_herpesvirus_1_UP000009294_12mer_3mis_hits.csv.gz"
"158","X",0,62,"Human_herpesvirus_1_UP000009294_12mer_3mis_hits.csv.gz"
"159","X",1,22,"Human_herpesvirus_1_UP000009294_12mer_3mis_hits.csv.gz"
"160","X",2,62,"Human_herpesvirus_1_UP000009294_12mer_3mis_hits.csv.gz"
"161","X",3,142,"Human_herpesvirus_1_UP000009294_12mer_3mis_hits.csv.gz"
"162","Auto",1,89,"Human_herpesvirus_2_UP000001874_12mer_3mis_hits.csv.gz"
"163","Auto",2,232,"Human_herpesvirus_2_UP000001874_12mer_3mis_hits.csv.gz"
"164","Auto",3,2843,"Human_herpesvirus_2_UP000001874_12mer_3mis_hits.csv.gz"
"165","X",1,77,"Human_herpesvirus_2_UP000001874_12mer_3mis_hits.csv.gz"
"166","X",2,95,"Human_herpesvirus_2_UP000001874_12mer_3mis_hits.csv.gz"
"167","X",3,177,"Human_herpesvirus_2_UP000001874_12mer_3mis_hits.csv.gz"
"168","Y",2,5,"Human_herpesvirus_2_UP000001874_12mer_3mis_hits.csv.gz"
"169","Y",3,30,"Human_herpesvirus_2_UP000001874_12mer_3mis_hits.csv.gz"
"170","Auto",0,32,"Human_herpesvirus_6_UP000009295_12mer_3mis_hits.csv.gz"
"171","Auto",1,145,"Human_herpesvirus_6_UP000009295_12mer_3mis_hits.csv.gz"
"172","Auto",2,212,"Human_herpesvirus_6_UP000009295_12mer_3mis_hits.csv.gz"
"173","Auto",3,1051,"Human_herpesvirus_6_UP000009295_12mer_3mis_hits.csv.gz"
"174","X",0,4,"Human_herpesvirus_6_UP000009295_12mer_3mis_hits.csv.gz"
"175","X",1,8,"Human_herpesvirus_6_UP000009295_12mer_3mis_hits.csv.gz"
"176","X",2,27,"Human_herpesvirus_6_UP000009295_12mer_3mis_hits.csv.gz"
"177","X",3,48,"Human_herpesvirus_6_UP000009295_12mer_3mis_hits.csv.gz"
"178","Y",3,2,"Human_herpesvirus_6_UP000009295_12mer_3mis_hits.csv.gz"
"179","Auto",0,3,"Human_herpesvirus_7_UP000009246_12mer_3mis_hits.csv.gz"
"180","Auto",1,13,"Human_herpesvirus_7_UP000009246_12mer_3mis_hits.csv.gz"
"181","Auto",2,35,"Human_herpesvirus_7_UP000009246_12mer_3mis_hits.csv.gz"
"182","Auto",3,733,"Human_herpesvirus_7_UP000009246_12mer_3mis_hits.csv.gz"
"183","X",1,2,"Human_herpesvirus_7_UP000009246_12mer_3mis_hits.csv.gz"
"184","X",2,5,"Human_herpesvirus_7_UP000009246_12mer_3mis_hits.csv.gz"
"185","X",3,30,"Human_herpesvirus_7_UP000009246_12mer_3mis_hits.csv.gz"
"186","Auto",0,35,"Human_herpesvirus_8_UP000000942_12mer_3mis_hits.csv.gz"
"187","Auto",1,106,"Human_herpesvirus_8_UP000000942_12mer_3mis_hits.csv.gz"
"188","Auto",2,230,"Human_herpesvirus_8_UP000000942_12mer_3mis_hits.csv.gz"
"189","Auto",3,1538,"Human_herpesvirus_8_UP000000942_12mer_3mis_hits.csv.gz"
"190","X",0,3,"Human_herpesvirus_8_UP000000942_12mer_3mis_hits.csv.gz"
"191","X",1,37,"Human_herpesvirus_8_UP000000942_12mer_3mis_hits.csv.gz"
"192","X",2,43,"Human_herpesvirus_8_UP000000942_12mer_3mis_hits.csv.gz"
"193","X",3,88,"Human_herpesvirus_8_UP000000942_12mer_3mis_hits.csv.gz"
"194","Y",3,3,"Human_herpesvirus_8_UP000000942_12mer_3mis_hits.csv.gz"
"195","Auto",0,9,"Human_herpesvirus6b_UP000006930_12mer_3mis_hits.csv.gz"
"196","Auto",1,113,"Human_herpesvirus6b_UP000006930_12mer_3mis_hits.csv.gz"
"197","Auto",2,138,"Human_herpesvirus6b_UP000006930_12mer_3mis_hits.csv.gz"
"198","Auto",3,911,"Human_herpesvirus6b_UP000006930_12mer_3mis_hits.csv.gz"
"199","Mitochondrion",3,2,"Human_herpesvirus6b_UP000006930_12mer_3mis_hits.csv.gz"
"200","X",0,5,"Human_herpesvirus6b_UP000006930_12mer_3mis_hits.csv.gz"
"201","X",1,13,"Human_herpesvirus6b_UP000006930_12mer_3mis_hits.csv.gz"
"202","X",2,18,"Human_herpesvirus6b_UP000006930_12mer_3mis_hits.csv.gz"
"203","X",3,35,"Human_herpesvirus6b_UP000006930_12mer_3mis_hits.csv.gz"
"204","Auto",3,65,"Human_immunodeficiency_virus_1_UP000002241_12mer_3mis_hits.csv.gz"
"205","X",3,1,"Human_immunodeficiency_virus_1_UP000002241_12mer_3mis_hits.csv.gz"
"206","Auto",2,9,"Human_immunodeficiency_virus_2_UP000002242_12mer_3mis_hits.csv.gz"
"207","Auto",3,147,"Human_immunodeficiency_virus_2_UP000002242_12mer_3mis_hits.csv.gz"
"208","X",2,1,"Human_immunodeficiency_virus_2_UP000002242_12mer_3mis_hits.csv.gz"
"209","X",3,6,"Human_immunodeficiency_virus_2_UP000002242_12mer_3mis_hits.csv.gz"
"210","Auto",2,4,"Human_papillomavirus_1_UP000006372_12mer_3mis_hits.csv.gz"
"211","Auto",3,69,"Human_papillomavirus_1_UP000006372_12mer_3mis_hits.csv.gz"
"212","X",3,10,"Human_papillomavirus_1_UP000006372_12mer_3mis_hits.csv.gz"
"213","Auto",2,2,"Human_papillomavirus_2_UP000007710_12mer_3mis_hits.csv.gz"
"214","Auto",3,88,"Human_papillomavirus_2_UP000007710_12mer_3mis_hits.csv.gz"
"215","X",2,1,"Human_papillomavirus_2_UP000007710_12mer_3mis_hits.csv.gz"
"216","X",3,6,"Human_papillomavirus_2_UP000007710_12mer_3mis_hits.csv.gz"
"217","Auto",3,44,"Human_papillomavirus_type_16_UP000009251_12mer_3mis_hits.csv.gz"
"218","X",3,2,"Human_papillomavirus_type_16_UP000009251_12mer_3mis_hits.csv.gz"
"219","Auto",2,1,"Human_papillomavirus_type_18_UP000009109_12mer_3mis_hits.csv.gz"
"220","Auto",3,45,"Human_papillomavirus_type_18_UP000009109_12mer_3mis_hits.csv.gz"
"221","Auto",2,6,"Human_parainfluenza_UP000109776_12mer_3mis_hits.csv.gz"
"222","Auto",3,109,"Human_parainfluenza_UP000109776_12mer_3mis_hits.csv.gz"
"223","X",3,2,"Human_parainfluenza_UP000109776_12mer_3mis_hits.csv.gz"
"224","Auto",2,3,"Human_parvovirus_B19_UP000006624_12mer_3mis_hits.csv.gz"
"225","Auto",3,54,"Human_parvovirus_B19_UP000006624_12mer_3mis_hits.csv.gz"
"226","X",2,1,"Human_parvovirus_B19_UP000006624_12mer_3mis_hits.csv.gz"
"227","X",3,5,"Human_parvovirus_B19_UP000006624_12mer_3mis_hits.csv.gz"
"228","Auto",2,1,"Human_respiratory_syncytial_virus_UP000002472_12mer_3mis_hits.csv.gz"
"229","Auto",3,80,"Human_respiratory_syncytial_virus_UP000002472_12mer_3mis_hits.csv.gz"
"230","X",3,5,"Human_respiratory_syncytial_virus_UP000002472_12mer_3mis_hits.csv.gz"
"231","Auto",2,3,"Human_rhinovirus_UP000007070_12mer_3mis_hits.csv.gz"
"232","Auto",3,42,"Human_rhinovirus_UP000007070_12mer_3mis_hits.csv.gz"
"233","X",3,2,"Human_rhinovirus_UP000007070_12mer_3mis_hits.csv.gz"
"234","Auto",2,25,"Human_SARS_coronavirus_UP000000354_12mer_3mis_hits.csv.gz"
"235","Auto",3,323,"Human_SARS_coronavirus_UP000000354_12mer_3mis_hits.csv.gz"
"236","X",2,17,"Human_SARS_coronavirus_UP000000354_12mer_3mis_hits.csv.gz"
"237","X",3,17,"Human_SARS_coronavirus_UP000000354_12mer_3mis_hits.csv.gz"
"238","Auto",3,73,"Human_spumaretrovirus_UP000138352_12mer_3mis_hits.csv.gz"
"239","X",3,6,"Human_spumaretrovirus_UP000138352_12mer_3mis_hits.csv.gz"
"240","Auto",1,2,"Human_T-lymphotropic_virus_1_UP000001061_12mer_3mis_hits.csv.gz"
"241","Auto",2,10,"Human_T-lymphotropic_virus_1_UP000001061_12mer_3mis_hits.csv.gz"
"242","Auto",3,262,"Human_T-lymphotropic_virus_1_UP000001061_12mer_3mis_hits.csv.gz"
"243","Mitochondrion",3,2,"Human_T-lymphotropic_virus_1_UP000001061_12mer_3mis_hits.csv.gz"
"244","X",1,2,"Human_T-lymphotropic_virus_1_UP000001061_12mer_3mis_hits.csv.gz"
"245","X",3,7,"Human_T-lymphotropic_virus_1_UP000001061_12mer_3mis_hits.csv.gz"
"246","Y",3,1,"Human_T-lymphotropic_virus_1_UP000001061_12mer_3mis_hits.csv.gz"
"247","Auto",3,1,"Human_torovirus_UP000243571_12mer_3mis_hits.csv.gz"
"248","Auto",2,3,"Influenza_A_virus_UP000009255_12mer_3mis_hits.csv.gz"
"249","Auto",3,114,"Influenza_A_virus_UP000009255_12mer_3mis_hits.csv.gz"
"250","X",3,3,"Influenza_A_virus_UP000009255_12mer_3mis_hits.csv.gz"
"251","Auto",2,3,"Influenza_B_virus_UP000008158_12mer_3mis_hits.csv.gz"
"252","Auto",3,71,"Influenza_B_virus_UP000008158_12mer_3mis_hits.csv.gz"
"253","X",3,4,"Influenza_B_virus_UP000008158_12mer_3mis_hits.csv.gz"
"254","Auto",2,2,"Influenza_C_virus_UP000008286_12mer_3mis_hits.csv.gz"
"255","Auto",3,64,"Influenza_C_virus_UP000008286_12mer_3mis_hits.csv.gz"
"256","X",3,3,"Influenza_C_virus_UP000008286_12mer_3mis_hits.csv.gz"
"257","Auto",3,58,"Isfahan_virus_UP000204017_12mer_3mis_hits.csv.gz"
"258","X",3,1,"Isfahan_virus_UP000204017_12mer_3mis_hits.csv.gz"
"259","Auto",2,1,"Japanese_encephalitis_virus_UP000007214_12mer_3mis_hits.csv.gz"
"260","Auto",3,97,"Japanese_encephalitis_virus_UP000007214_12mer_3mis_hits.csv.gz"
"261","X",3,1,"Japanese_encephalitis_virus_UP000007214_12mer_3mis_hits.csv.gz"
"262","Auto",2,1,"JC_polyomavirus_UP000008478_12mer_3mis_hits.csv.gz"
"263","Auto",3,45,"JC_polyomavirus_UP000008478_12mer_3mis_hits.csv.gz"
"264","X",3,1,"JC_polyomavirus_UP000008478_12mer_3mis_hits.csv.gz"
"265","Auto",3,51,"Junin_mammarenavirus_UP000127886_12mer_3mis_hits.csv.gz"
"266","X",3,3,"Junin_mammarenavirus_UP000127886_12mer_3mis_hits.csv.gz"
"267","Auto",3,37,"KI_Polyomavirus_UP000107189_12mer_3mis_hits.csv.gz"
"268","Auto",2,2,"Kunjin_virus_UP000138183_12mer_3mis_hits.csv.gz"
"269","Auto",3,76,"Kunjin_virus_UP000138183_12mer_3mis_hits.csv.gz"
"270","X",3,4,"Kunjin_virus_UP000138183_12mer_3mis_hits.csv.gz"
"271","Auto",3,61,"Lagos_bat_virus_UP000161306_12mer_3mis_hits.csv.gz"
"272","X",2,1,"Lagos_bat_virus_UP000161306_12mer_3mis_hits.csv.gz"
"273","X",3,2,"Lagos_bat_virus_UP000161306_12mer_3mis_hits.csv.gz"
"274","Auto",2,1,"Lake_Victoria_marburgvirus_UP000180448_12mer_3mis_hits.csv.gz"
"275","Auto",3,139,"Lake_Victoria_marburgvirus_UP000180448_12mer_3mis_hits.csv.gz"
"276","X",3,7,"Lake_Victoria_marburgvirus_UP000180448_12mer_3mis_hits.csv.gz"
"277","Auto",2,2,"Langat_virus_UP000180575_12mer_3mis_hits.csv.gz"
"278","Auto",3,86,"Langat_virus_UP000180575_12mer_3mis_hits.csv.gz"
"279","X",3,3,"Langat_virus_UP000180575_12mer_3mis_hits.csv.gz"
"280","Auto",2,1,"Lassa_virus_UP000002473_12mer_3mis_hits.csv.gz"
"281","Auto",3,74,"Lassa_virus_UP000002473_12mer_3mis_hits.csv.gz"
"282","X",3,2,"Lassa_virus_UP000002473_12mer_3mis_hits.csv.gz"
"283","Auto",2,2,"Lordsdale_virus_UP000007767_12mer_3mis_hits.csv.gz"
"284","Auto",3,68,"Lordsdale_virus_UP000007767_12mer_3mis_hits.csv.gz"
"285","X",3,5,"Lordsdale_virus_UP000007767_12mer_3mis_hits.csv.gz"
"286","Auto",3,82,"Louping_ill_virus_UP000007644_12mer_3mis_hits.csv.gz"
"287","Auto",3,68,"Lymphocytic_choriomeningitis_virus_UP000002474_12mer_3mis_hits.csv.gz"
"288","X",3,3,"Lymphocytic_choriomeningitis_virus_UP000002474_12mer_3mis_hits.csv.gz"
"289","Auto",2,1,"Machupo_virus_UP000233900_12mer_3mis_hits.csv.gz"
"290","Auto",3,49,"Machupo_virus_UP000233900_12mer_3mis_hits.csv.gz"
"291","X",3,2,"Machupo_virus_UP000233900_12mer_3mis_hits.csv.gz"
"292","Auto",2,1,"Mayaro_virus_UP000007774_12mer_3mis_hits.csv.gz"
"293","Auto",3,86,"Mayaro_virus_UP000007774_12mer_3mis_hits.csv.gz"
"294","X",3,8,"Mayaro_virus_UP000007774_12mer_3mis_hits.csv.gz"
"295","Auto",2,2,"Measles_virus_UP000008699_12mer_3mis_hits.csv.gz"
"296","Auto",3,121,"Measles_virus_UP000008699_12mer_3mis_hits.csv.gz"
"297","Auto",2,1,"Mengo_encephalomyocarditis_virus_UP000008663_12mer_3mis_hits.csv.gz"
"298","Auto",3,47,"Mengo_encephalomyocarditis_virus_UP000008663_12mer_3mis_hits.csv.gz"
"299","Auto",2,4,"Merkel_cell_polyomavirus_UP000154903_12mer_3mis_hits.csv.gz"
"300","Auto",3,82,"Merkel_cell_polyomavirus_UP000154903_12mer_3mis_hits.csv.gz"
"301","X",3,8,"Merkel_cell_polyomavirus_UP000154903_12mer_3mis_hits.csv.gz"
"302","Auto",2,14,"MERS_coronavirus_UP000147828_12mer_3mis_hits.csv.gz"
"303","Auto",3,192,"MERS_coronavirus_UP000147828_12mer_3mis_hits.csv.gz"
"304","X",2,9,"MERS_coronavirus_UP000147828_12mer_3mis_hits.csv.gz"
"305","X",3,9,"MERS_coronavirus_UP000147828_12mer_3mis_hits.csv.gz"
"306","Auto",2,6,"MERS_UP000171868_12mer_3mis_hits.csv.gz"
"307","Auto",3,268,"MERS_UP000171868_12mer_3mis_hits.csv.gz"
"308","X",3,9,"MERS_UP000171868_12mer_3mis_hits.csv.gz"
"309","Auto",2,2,"Mokola_virus_UP000006826_12mer_3mis_hits.csv.gz"
"310","Auto",3,69,"Mokola_virus_UP000006826_12mer_3mis_hits.csv.gz"
"311","X",3,5,"Mokola_virus_UP000006826_12mer_3mis_hits.csv.gz"
"312","Auto",0,55,"Molluscum_contagiosum_virus_UP000000869_12mer_3mis_hits.csv.gz"
"313","Auto",1,83,"Molluscum_contagiosum_virus_UP000000869_12mer_3mis_hits.csv.gz"
"314","Auto",2,264,"Molluscum_contagiosum_virus_UP000000869_12mer_3mis_hits.csv.gz"
"315","Auto",3,2495,"Molluscum_contagiosum_virus_UP000000869_12mer_3mis_hits.csv.gz"
"316","X",0,9,"Molluscum_contagiosum_virus_UP000000869_12mer_3mis_hits.csv.gz"
"317","X",1,12,"Molluscum_contagiosum_virus_UP000000869_12mer_3mis_hits.csv.gz"
"318","X",2,79,"Molluscum_contagiosum_virus_UP000000869_12mer_3mis_hits.csv.gz"
"319","X",3,174,"Molluscum_contagiosum_virus_UP000000869_12mer_3mis_hits.csv.gz"
"320","Y",3,4,"Molluscum_contagiosum_virus_UP000000869_12mer_3mis_hits.csv.gz"
"321","Auto",0,165,"Monkeypox_virus_UP000101269_12mer_3mis_hits.csv.gz"
"322","Auto",1,277,"Monkeypox_virus_UP000101269_12mer_3mis_hits.csv.gz"
"323","Auto",2,411,"Monkeypox_virus_UP000101269_12mer_3mis_hits.csv.gz"
"324","Auto",3,1485,"Monkeypox_virus_UP000101269_12mer_3mis_hits.csv.gz"
"325","X",2,7,"Monkeypox_virus_UP000101269_12mer_3mis_hits.csv.gz"
"326","X",3,43,"Monkeypox_virus_UP000101269_12mer_3mis_hits.csv.gz"
"327","Y",2,1,"Monkeypox_virus_UP000101269_12mer_3mis_hits.csv.gz"
"328","Auto",3,106,"Mumps_virus_UP000002331_12mer_3mis_hits.csv.gz"
"329","X",3,8,"Mumps_virus_UP000002331_12mer_3mis_hits.csv.gz"
"330","Y",3,2,"Mumps_virus_UP000002331_12mer_3mis_hits.csv.gz"
"331","Auto",3,56,"Murray_valley_encephalitis_virus_UP000008863_12mer_3mis_hits.csv.gz"
"332","X",3,5,"Murray_valley_encephalitis_virus_UP000008863_12mer_3mis_hits.csv.gz"
"333","Auto",3,83,"Nipah_virus_UP000170143_12mer_3mis_hits.csv.gz"
"334","X",3,5,"Nipah_virus_UP000170143_12mer_3mis_hits.csv.gz"
"335","Auto",2,3,"Norwalk_virus_UP000000826_12mer_3mis_hits.csv.gz"
"336","Auto",3,67,"Norwalk_virus_UP000000826_12mer_3mis_hits.csv.gz"
"337","X",3,2,"Norwalk_virus_UP000000826_12mer_3mis_hits.csv.gz"
"338","Auto",2,2,"Onyong_nyong_virus_UP000008868_12mer_3mis_hits.csv.gz"
"339","Auto",3,55,"Onyong_nyong_virus_UP000008868_12mer_3mis_hits.csv.gz"
"340","Auto",0,63,"Orf_virus_UP000000870_12mer_3mis_hits.csv.gz"
"341","Auto",1,68,"Orf_virus_UP000000870_12mer_3mis_hits.csv.gz"
"342","Auto",2,182,"Orf_virus_UP000000870_12mer_3mis_hits.csv.gz"
"343","Auto",3,1763,"Orf_virus_UP000000870_12mer_3mis_hits.csv.gz"
"344","X",0,3,"Orf_virus_UP000000870_12mer_3mis_hits.csv.gz"
"345","X",1,23,"Orf_virus_UP000000870_12mer_3mis_hits.csv.gz"
"346","X",2,47,"Orf_virus_UP000000870_12mer_3mis_hits.csv.gz"
"347","X",3,99,"Orf_virus_UP000000870_12mer_3mis_hits.csv.gz"
"348","Y",3,2,"Orf_virus_UP000000870_12mer_3mis_hits.csv.gz"
"349","Auto",3,49,"Oropouche_virus_UP000117676_12mer_3mis_hits.csv.gz"
"350","Auto",3,58,"Pichinde_mammarenavirus_UP000139415_12mer_3mis_hits.csv.gz"
"351","X",3,4,"Pichinde_mammarenavirus_UP000139415_12mer_3mis_hits.csv.gz"
"352","Auto",2,1,"Poliovirus_UP000000356_12mer_3mis_hits.csv.gz"
"353","Auto",3,46,"Poliovirus_UP000000356_12mer_3mis_hits.csv.gz"
"354","X",3,1,"Poliovirus_UP000000356_12mer_3mis_hits.csv.gz"
"355","Auto",3,55,"Punta_toro_phlebovirus_UP000214480_12mer_3mis_hits.csv.gz"
"356","X",3,2,"Punta_toro_phlebovirus_UP000214480_12mer_3mis_hits.csv.gz"
"357","Auto",2,1,"Puumala_virus_UP000110237_12mer_3mis_hits.csv.gz"
"358","Auto",3,67,"Puumala_virus_UP000110237_12mer_3mis_hits.csv.gz"
"359","X",3,2,"Puumala_virus_UP000110237_12mer_3mis_hits.csv.gz"
"360","Auto",2,3,"Rabies_virus_UP000008649_12mer_3mis_hits.csv.gz"
"361","Auto",3,74,"Rabies_virus_UP000008649_12mer_3mis_hits.csv.gz"
"362","X",3,4,"Rabies_virus_UP000008649_12mer_3mis_hits.csv.gz"
"363","Auto",3,65,"Rift_valley_fever_virus_UP000002477_12mer_3mis_hits.csv.gz"
"364","X",3,1,"Rift_valley_fever_virus_UP000002477_12mer_3mis_hits.csv.gz"
"365","Auto",3,63,"Rosavirus_A_UP000029743_12mer_3mis_hits.csv.gz"
"366","X",3,7,"Rosavirus_A_UP000029743_12mer_3mis_hits.csv.gz"
"367","Auto",2,4,"Ross_river_virus_UP000006579_12mer_3mis_hits.csv.gz"
"368","Auto",3,84,"Ross_river_virus_UP000006579_12mer_3mis_hits.csv.gz"
"369","X",3,3,"Ross_river_virus_UP000006579_12mer_3mis_hits.csv.gz"
"370","Auto",2,2,"Rotavirus_A_UP000001119_12mer_3mis_hits.csv.gz"
"371","Auto",3,74,"Rotavirus_A_UP000001119_12mer_3mis_hits.csv.gz"
"372","X",3,6,"Rotavirus_A_UP000001119_12mer_3mis_hits.csv.gz"
"373","Auto",1,1,"Rotavirus_B_UP000114294_12mer_3mis_hits.csv.gz"
"374","Auto",2,3,"Rotavirus_B_UP000114294_12mer_3mis_hits.csv.gz"
"375","Auto",3,73,"Rotavirus_B_UP000114294_12mer_3mis_hits.csv.gz"
"376","X",3,2,"Rotavirus_B_UP000114294_12mer_3mis_hits.csv.gz"
"377","Auto",2,4,"Rotavirus_C_UP000007664_12mer_3mis_hits.csv.gz"
"378","Auto",3,91,"Rotavirus_C_UP000007664_12mer_3mis_hits.csv.gz"
"379","X",3,2,"Rotavirus_C_UP000007664_12mer_3mis_hits.csv.gz"
"380","Auto",1,1,"Rubella_virus_UP000000571_12mer_3mis_hits.csv.gz"
"381","Auto",2,10,"Rubella_virus_UP000000571_12mer_3mis_hits.csv.gz"
"382","Auto",3,161,"Rubella_virus_UP000000571_12mer_3mis_hits.csv.gz"
"383","X",1,1,"Rubella_virus_UP000000571_12mer_3mis_hits.csv.gz"
"384","X",2,4,"Rubella_virus_UP000000571_12mer_3mis_hits.csv.gz"
"385","X",3,14,"Rubella_virus_UP000000571_12mer_3mis_hits.csv.gz"
"386","Auto",2,5,"Sagiyama_virus_UP000007138_12mer_3mis_hits.csv.gz"
"387","Auto",3,72,"Sagiyama_virus_UP000007138_12mer_3mis_hits.csv.gz"
"388","X",3,2,"Sagiyama_virus_UP000007138_12mer_3mis_hits.csv.gz"
"389","Auto",1,2,"Salivirus_A_UP000029742_12mer_3mis_hits.csv.gz"
"390","Auto",2,4,"Salivirus_A_UP000029742_12mer_3mis_hits.csv.gz"
"391","Auto",3,72,"Salivirus_A_UP000029742_12mer_3mis_hits.csv.gz"
"392","Mitochondrion",3,1,"Salivirus_A_UP000029742_12mer_3mis_hits.csv.gz"
"393","X",3,3,"Salivirus_A_UP000029742_12mer_3mis_hits.csv.gz"
"394","Auto",3,68,"Sandfly_fever_sicilian_virus_UP000207632_12mer_3mis_hits.csv.gz"
"395","X",3,4,"Sandfly_fever_sicilian_virus_UP000207632_12mer_3mis_hits.csv.gz"
"396","Auto",2,6,"Sapporo_virus_UP000000667_12mer_3mis_hits.csv.gz"
"397","Auto",3,40,"Sapporo_virus_UP000000667_12mer_3mis_hits.csv.gz"
"398","X",3,2,"Sapporo_virus_UP000000667_12mer_3mis_hits.csv.gz"
"399","Y",3,2,"Sapporo_virus_UP000000667_12mer_3mis_hits.csv.gz"
"400","Auto",2,10,"SARS_coronavirus_2_UP000464024_12mer_3mis_hits.csv.gz"
"401","Auto",3,304,"SARS_coronavirus_2_UP000464024_12mer_3mis_hits.csv.gz"
"402","X",2,4,"SARS_coronavirus_2_UP000464024_12mer_3mis_hits.csv.gz"
"403","X",3,10,"SARS_coronavirus_2_UP000464024_12mer_3mis_hits.csv.gz"
"404","Auto",3,90,"Semliki_forest_virus_UP000000570_12mer_3mis_hits.csv.gz"
"405","X",3,7,"Semliki_forest_virus_UP000000570_12mer_3mis_hits.csv.gz"
"406","Auto",2,3,"Seoul_virus_UP000207620_12mer_3mis_hits.csv.gz"
"407","Auto",3,70,"Seoul_virus_UP000207620_12mer_3mis_hits.csv.gz"
"408","Auto",2,1,"Simian_foamy_virus_UP000001063_12mer_3mis_hits.csv.gz"
"409","Auto",3,81,"Simian_foamy_virus_UP000001063_12mer_3mis_hits.csv.gz"
"410","X",3,8,"Simian_foamy_virus_UP000001063_12mer_3mis_hits.csv.gz"
"411","Auto",2,1,"Simian_virus_5_UP000007232_12mer_3mis_hits.csv.gz"
"412","Auto",3,94,"Simian_virus_5_UP000007232_12mer_3mis_hits.csv.gz"
"413","X",3,6,"Simian_virus_5_UP000007232_12mer_3mis_hits.csv.gz"
"414","Auto",2,8,"Sindbis_virus_UP000006710_12mer_3mis_hits.csv.gz"
"415","Auto",3,130,"Sindbis_virus_UP000006710_12mer_3mis_hits.csv.gz"
"416","X",3,3,"Sindbis_virus_UP000006710_12mer_3mis_hits.csv.gz"
"417","Auto",2,1,"Southampton_virus_UP000007226_12mer_3mis_hits.csv.gz"
"418","Auto",3,78,"Southampton_virus_UP000007226_12mer_3mis_hits.csv.gz"
"419","X",3,3,"Southampton_virus_UP000007226_12mer_3mis_hits.csv.gz"
"420","Auto",3,68,"St._louis_encephalitis_virus_UP000171556_12mer_3mis_hits.csv.gz"
"421","X",3,6,"St._louis_encephalitis_virus_UP000171556_12mer_3mis_hits.csv.gz"
"422","Auto",2,2,"Tick-borne_powassan_virus_UP000006848_12mer_3mis_hits.csv.gz"
"423","Auto",3,86,"Tick-borne_powassan_virus_UP000006848_12mer_3mis_hits.csv.gz"
"424","X",3,1,"Tick-borne_powassan_virus_UP000006848_12mer_3mis_hits.csv.gz"
"425","Auto",2,14,"Torque_teno_virus_UP000001448_12mer_3mis_hits.csv.gz"
"426","Auto",3,128,"Torque_teno_virus_UP000001448_12mer_3mis_hits.csv.gz"
"427","X",2,6,"Torque_teno_virus_UP000001448_12mer_3mis_hits.csv.gz"
"428","X",3,16,"Torque_teno_virus_UP000001448_12mer_3mis_hits.csv.gz"
"429","Auto",3,77,"Toscana_virus_UP000142444_12mer_3mis_hits.csv.gz"
"430","X",3,7,"Toscana_virus_UP000142444_12mer_3mis_hits.csv.gz"
"431","Auto",2,1,"Uukuniemi_virus_UP000008595_12mer_3mis_hits.csv.gz"
"432","Auto",3,65,"Uukuniemi_virus_UP000008595_12mer_3mis_hits.csv.gz"
"433","X",3,1,"Uukuniemi_virus_UP000008595_12mer_3mis_hits.csv.gz"
"434","Auto",0,166,"Vaccinia_virus_UP000000344_12mer_3mis_hits.csv.gz"
"435","Auto",1,256,"Vaccinia_virus_UP000000344_12mer_3mis_hits.csv.gz"
"436","Auto",2,405,"Vaccinia_virus_UP000000344_12mer_3mis_hits.csv.gz"
"437","Auto",3,1429,"Vaccinia_virus_UP000000344_12mer_3mis_hits.csv.gz"
"438","X",2,14,"Vaccinia_virus_UP000000344_12mer_3mis_hits.csv.gz"
"439","X",3,36,"Vaccinia_virus_UP000000344_12mer_3mis_hits.csv.gz"
"440","Y",3,1,"Vaccinia_virus_UP000000344_12mer_3mis_hits.csv.gz"
"441","Auto",0,7,"Varicella-zoster_virus_UP000002602_12mer_3mis_hits.csv.gz"
"442","Auto",1,37,"Varicella-zoster_virus_UP000002602_12mer_3mis_hits.csv.gz"
"443","Auto",2,110,"Varicella-zoster_virus_UP000002602_12mer_3mis_hits.csv.gz"
"444","Auto",3,1011,"Varicella-zoster_virus_UP000002602_12mer_3mis_hits.csv.gz"
"445","X",1,3,"Varicella-zoster_virus_UP000002602_12mer_3mis_hits.csv.gz"
"446","X",2,23,"Varicella-zoster_virus_UP000002602_12mer_3mis_hits.csv.gz"
"447","X",3,47,"Varicella-zoster_virus_UP000002602_12mer_3mis_hits.csv.gz"
"448","Auto",0,152,"Variola_virus_UP000002060_12mer_3mis_hits.csv.gz"
"449","Auto",1,240,"Variola_virus_UP000002060_12mer_3mis_hits.csv.gz"
"450","Auto",2,360,"Variola_virus_UP000002060_12mer_3mis_hits.csv.gz"
"451","Auto",3,1290,"Variola_virus_UP000002060_12mer_3mis_hits.csv.gz"
"452","X",2,17,"Variola_virus_UP000002060_12mer_3mis_hits.csv.gz"
"453","X",3,37,"Variola_virus_UP000002060_12mer_3mis_hits.csv.gz"
"454","Y",3,3,"Variola_virus_UP000002060_12mer_3mis_hits.csv.gz"
"455","Auto",2,6,"Venezuelan_equine_encephalitis_virus_UP000171441_12mer_3mis_hits.csv.gz"
"456","Auto",3,98,"Venezuelan_equine_encephalitis_virus_UP000171441_12mer_3mis_hits.csv.gz"
"457","X",3,1,"Venezuelan_equine_encephalitis_virus_UP000171441_12mer_3mis_hits.csv.gz"
"458","Auto",3,72,"Vesicular_stomatitis_virus_UP000002327_12mer_3mis_hits.csv.gz"
"459","X",3,3,"Vesicular_stomatitis_virus_UP000002327_12mer_3mis_hits.csv.gz"
"460","Auto",2,2,"West_Nile_virus_UP000136458_12mer_3mis_hits.csv.gz"
"461","Auto",3,77,"West_Nile_virus_UP000136458_12mer_3mis_hits.csv.gz"
"462","X",3,4,"West_Nile_virus_UP000136458_12mer_3mis_hits.csv.gz"
"463","Auto",3,65,"Western_equine_encephalitis_virus_UP000128494_12mer_3mis_hits.csv.gz"
"464","X",3,2,"Western_equine_encephalitis_virus_UP000128494_12mer_3mis_hits.csv.gz"
"465","Auto",2,2,"WU_polyomavirus_UP000118542_12mer_3mis_hits.csv.gz"
"466","Auto",3,49,"WU_polyomavirus_UP000118542_12mer_3mis_hits.csv.gz"
"467","X",3,3,"WU_polyomavirus_UP000118542_12mer_3mis_hits.csv.gz"
"468","Auto",0,74,"Yaba_monkey_tumor_virus_UP000008596_12mer_3mis_hits.csv.gz"
"469","Auto",1,88,"Yaba_monkey_tumor_virus_UP000008596_12mer_3mis_hits.csv.gz"
"470","Auto",2,144,"Yaba_monkey_tumor_virus_UP000008596_12mer_3mis_hits.csv.gz"
"471","Auto",3,744,"Yaba_monkey_tumor_virus_UP000008596_12mer_3mis_hits.csv.gz"
"472","X",1,3,"Yaba_monkey_tumor_virus_UP000008596_12mer_3mis_hits.csv.gz"
"473","X",2,11,"Yaba_monkey_tumor_virus_UP000008596_12mer_3mis_hits.csv.gz"
"474","X",3,34,"Yaba_monkey_tumor_virus_UP000008596_12mer_3mis_hits.csv.gz"
"475","Y",3,2,"Yaba_monkey_tumor_virus_UP000008596_12mer_3mis_hits.csv.gz"
"476","Auto",0,86,"Yaba-like_disease_virus_UP000136581_12mer_3mis_hits.csv.gz"
"477","Auto",1,119,"Yaba-like_disease_virus_UP000136581_12mer_3mis_hits.csv.gz"
"478","Auto",2,182,"Yaba-like_disease_virus_UP000136581_12mer_3mis_hits.csv.gz"
"479","Auto",3,949,"Yaba-like_disease_virus_UP000136581_12mer_3mis_hits.csv.gz"
"480","X",0,1,"Yaba-like_disease_virus_UP000136581_12mer_3mis_hits.csv.gz"
"481","X",1,7,"Yaba-like_disease_virus_UP000136581_12mer_3mis_hits.csv.gz"
"482","X",2,8,"Yaba-like_disease_virus_UP000136581_12mer_3mis_hits.csv.gz"
"483","X",3,33,"Yaba-like_disease_virus_UP000136581_12mer_3mis_hits.csv.gz"
"484","Y",3,1,"Yaba-like_disease_virus_UP000136581_12mer_3mis_hits.csv.gz"
"485","Auto",2,4,"Yellow_fever_virus_UP000000360_12mer_3mis_hits.csv.gz"
"486","Auto",3,90,"Yellow_fever_virus_UP000000360_12mer_3mis_hits.csv.gz"
"487","X",3,4,"Yellow_fever_virus_UP000000360_12mer_3mis_hits.csv.gz"
"488","Auto",2,1,"Zika_virus_UP000054557_12mer_3mis_hits.csv.gz"
"489","Auto",3,69,"Zika_virus_UP000054557_12mer_3mis_hits.csv.gz"
"490","X",3,6,"Zika_virus_UP000054557_12mer_3mis_hits.csv.gz"
